"Paper ID","Citation (Author, Year)","Title","DOI/URL","Geographical variable","Sector / policy domain","Temporal variable","Research design & method","Unit of analysis","Temporal window of observation","Definition of adaptive governance (with page no.)","Primary theoretical framework(s)","Normative stance toward AG","Enablers of AG","Challenges of AG","Evidence of AG in practice","Indicators / operationalizations","Engagement with power & politics","Engagement with equity / justice / legitimacy","Mechanisms of AG","Institutional conditions enabling AG","Institutional conditions constraining AG","Relationship with related concepts","How AG is distinguished from related concepts","Level of governance","Type of evidence supporting AG claims","Key quotation(s) + page no.","Notes / Coding comments"
"1","Al-Battat, K. R., Iyer, S. S., & Raji, B. (2025)","Navigating Climate, Innovation, and Policy Disruptions: A Systems-Based Adaptive Governance Framework for the UAE","https://doi.org/10.48161/qaj.v5n4a2068","United Arab Emirates (UAE)","Climate-health-innovation governance nexus","2015–2025; recommendations to 2050","Mixed-methods; grounded thematic analysis of expert interviews and policy documents with systems modelling (CLDs & ABM)","UAE governance architecture and three policy initiatives (Masdar City, UAE AI Strategy 2031, Dubai Clean Energy Strategy 2050)","2015–2025","Flexible strategy that changes in response to stakeholder input, policy trials, and learning-based institutional design (p.630)","Systems Thinking; Complex Adaptive Systems; Resilience Thinking","Supportive / advocated","Digital intelligence; predictive modelling; participatory platforms; stakeholder trust","Institutional fragmentation; data integration deficits; participatory gaps; adaptive capacity constraints; scalability challenges","Masdar City; UAE AI Strategy 2031; Dubai Clean Energy Strategy 2050","Reflexive regulation; experimental policy labs; social learning; polycentric institutions; stakeholder interaction platforms","Mentioned; policy fragmentation, institutional silos, centralized vs. decentralized governance, and local political economy noted (p.631, p.636, Limitations), but power/politics not a central analytical concern","Inclusive participatory processes; stakeholder trust; institutional legitimacy; concerns for migrant labourers and low-income populations","Decentralization; reflexivity; participatory engagement; polycentricity; dynamic feedback loops","Polycentric governance; cross-sector digital integration; participatory platforms","Policy silos; underutilization of AI; lack of formal stakeholder forums","Systems Thinking; Resilience Thinking","Distinguished from centralized, linear governance frameworks","National and emirate","Expert interviews; policy document analysis; systems modelling","""Governance systems are living things that can learn, self-organize, and innovate in the face of uncertainty."" (p.630)","Empirical mixed-methods UAE case"
"2","Etches, C. (2026)","Food partnerships and the tensions of adaptive governance in local food systems","https://doi.org/10.1007/s10460-026-10868-8","United Kingdom (UK)","Local food systems / governance","2019–2024","Qualitative interpretive study using a structured interpretive heuristic; documentary analysis of 1,216 governance cases and 13 follow-up interviews","Discrete ""cases of governance practice"" (1,216 cases) at the partnership level; unit is partnership-level governance activity, not individual organisations acting independently (p.8, Table 2)","2019–2024","Ability of systems to adjust processes and reconfigure institutional arrangements in response to changing social or environmental conditions (p.111)","Social-ecological systems; adaptive capacity scholarship","Critical / skeptical","Connective infrastructures; relational labour; trust-based relationships; shared commitments","Chronic resource precarity; uneven institutional architectures; fragmented pathways for influence; dependence on relational labour","Sheffield citywide food strategy; Cardiff Field to Fforc People's Assembly; Brighton & Hove Downland Advisory Panel","Seven-dimension heuristic: Collaborative structures; Scale engagement; Shared rules/strategies; Learning/participation; Accountability; Conflict navigation; Capacity/resourcing","Central analytical concern","Equity; sustainability; local empowerment; justice dimensions of urban food partnerships","Norm building; collective learning; participatory processes; relational alignment","Supportive relational infrastructures; institutional anchoring","Fragmented institutional architectures; weak integration into mainstream policy; chronic resource precarity","Food democracy; resilience; collaborative governance","Adaptive governance treated not as a prescriptive model/benchmark but as interpretive lenses on situated practice; distinguished from idealised adaptation by focusing on how capacities are ""attempted, negotiated, and constrained""; contrasts adaptiveness (absorbing shocks, coping, sustaining systems under strain) with transformation (fundamental reconfiguration), arguing adaptive work in marginal settings tends to stabilise rather than transform; positions AG as broader analytical perspective distinct from participatory governance which does not ""automatically lead to positive outcomes"" (p.3-4, p.14-15)","Local / place-based","Documentary submissions (longitudinal self-reporting) and follow-up interviews","""Adaptive governance emerges as a situated and fragile practice, with its reach and durability contingent on the governance environments in which it is embedded."" (p.109)","Qualitative empirical study of UK local food partnerships"
"3","Balaram & Dhananjay (2025)","Adaptive Governance for Disaster Risk Reduction: Lessons from Odisha","https://doi.org/10.25303/1811da057064","Odisha, India","Disaster Risk Reduction (DRR)","Pre-independence to present (2001–present emphasized)","Secondary research methodology; comprehensive literature review of academic journals, books and reports","Odisha disaster management system","Pre-independence to 2025","Political, social, economic and administrative systems that develop, manage and distribute resources in a manner that promotes resilience through collaborative, flexible and learning-based issue management across scales (pp.251–252)","Sendai Framework for Disaster Risk Reduction (SFDRR); Social-Ecological Systems (SETS)","Supportive / advocated","Leadership; political will; community involvement; youth organizations; modern technology (Satark App)","Research deficiency on institutional adaptation to climate change; limited implementation data","Odisha State Disaster Management Authority (OSDMA); Odisha Disaster Rapid Action Force (ODRAF); village-level warning systems","Polycentric and multilayered institutions; participation and collaboration; self-organisation and networks; learning and innovation","Mentions political will and leadership","Inclusive approach; well-being of vulnerable populations including slum residents and agricultural communities","Flexible issue management; social learning; continuous knowledge growth; active participation","Strong institutional mechanisms (OSDMA, SIDM); empowerment of local institutions","Limited literature and data availability hampering assessment; weak documented links between governance/decision-making and climate-disaster adaptation (research gap, Fig.1); structural socioeconomic vulnerabilities (rural agrarian dependence, small landholdings, poverty, high density); incomplete coverage of recognition programs (only 26 of 381 tsunami-prone villages)","Resilience; disaster preparedness; decentralization","Not explicitly distinguished; AG is presented as an integrative, holistic, inclusive and responsive framework linking resilience and DRR and as a means to implement the Sendai Framework, rather than being differentiated from related concepts; distinctions are implied only through Djalante et al.'s four characteristics","State-level with village-level systems","Literature synthesis; government reports; institutional records","""Adaptive governance... presents a holistic, inclusive and responsive framework for managing disaster risks, making it particularly effective in developing regions facing climate-induced challenges."" (p.251)","Narrative literature review of Odisha disaster governance"
"4","Špirić, J. (2026)","Adaptability of Governance Structures and Processes for Sustainable Livestock in Jalisco, Mexico","https://doi.org/10.1111/ropr.70079","Jalisco, Mexico","Sustainable Livestock (SL) within the REDD+ framework","2016–2024","Qualitative content analysis combining document analysis (n=43), nine semi-structured expert interviews, and SWOT workshops with 30 local participants","Multilevel governance structures (TF-SPS, CTC-REDD+-Jal, and ECAs)","2016–2024","Governance that connects institutions and networks, mobilizes diverse forms of knowledge, and enables learning leading to behavioural change","Adaptive Governance and Policy Implementation scholarship grounded in CAS and SES theories","Mixed","Informal coordination; social learning platforms; local brokerage; multi-directional knowledge exchange","Institutional weakness; sectoral antagonism; informal power relations; reliance on external funding","Iterative revision of annual operating rules by FIPRODEFO and SEDER-Jal based on producer feedback","Collaboration; polycentricity; social learning; flexible responsiveness","Central analytical concern","Equity; social justice; legitimacy for policy continuity","Social learning; local brokerage; multi-level feedback loops","Decentralized inter-municipal environmental juntas (JIMAs) acting as neutral intermediaries","Centralized political traditions; power asymmetries; administrative turnover","Linked to REDD+ mechanism; silvopastoral systems; street-level bureaucracy","Distinguished from command-and-control approaches and conventional livestock approaches","Multilevel (local, inter-municipal, state, federal)","Qualitative interviews; workshops; document analysis","""Effective governance is increasingly understood as adaptive: it connects institutions and networks, mobilizes diverse forms of knowledge, and enables learning that leads to behavioral change."" (p.285)","Empirical qualitative study of sustainable livestock governance in Mexico"
"5","Sampaio, L. d. S., Silva, S. M. O. d., Montalvo, G. S. A., & Filho, F. d. A. d. S. (2026)","Toward Adaptive Regulation in Public Irrigation: Integrating the SES Framework into a Quantitative Governance Assessment","10.3390/su18063096","Brazil (semi-arid Northeast)","Public Irrigation Projects (PIPs) / Water Governance","2024–2026","Mixed-methods development of the SES Governance Index (SGI) using field missions, semi-structured interviews and PCA-based quantitative indicator weighting","Nine Public Irrigation Projects in Brazil","July 2024–March 2025","Learning processes, institutional flexibility, and coordination across multiple scales among stakeholders","Social–Ecological Systems (SES) framework (Elinor Ostrom)","Supportive / advocated","Strong managerial capacity; active user participation","Institutional fragility; power asymmetries; absence of standardized multidimensional assessment tools","Water User Associations associated with collective rule-making and monitoring","SES Governance Index (SGI): Resource System; Resource Units; Actors; Governance System; Outcomes","Mentions power asymmetries","Job creation; user participation","Learning processes; institutional flexibility; multi-scale coordination","Effective irrigator leadership; qualified technical and administrative staff; financial autonomy","Dependence on external support; internal disorganization; infrastructure deterioration","Linked to water security; resilience; adaptive water management","Distinguished from traditional regulatory approaches based on static rules and infrastructure performance","Federal agencies and project-level Water User Associations","Quantitative composite indicators and qualitative field mission data","""Traditional regulatory approaches... have proven insufficient to address the dynamic and uncertain nature of water systems."" (p.396)","Mixed-methods empirical assessment of irrigation governance"
"6","Singh et al. (2026)","Governance Models for Heritage Resource Management: Balancing Preservation, Tourism, and Community Empowerment","10.5281/zenodo.122.12622","Not reported (institutionally and contextually diverse case studies)","Heritage resource management","Not reported (no explicit study period stated)","Qualitative, comparative, interdisciplinary multi-case study","Heritage site governance systems","Not reported","Adaptive governance is a model integrating flexibility, learning and multi-level cooperation","Collaborative governance; Adaptive management; Empowerment theory","Supportive / advocated","Participatory practices; institutional flexibility; collaborative co-management","Power inequalities; institutional inflexibility; financial dependence on tourism","Joint participatory boards and local heritage committees in hybrid governance models","Sustainability Index; institutional flexibility measured through adaptive management initiatives","Bargaining among stakeholders; unequal power relations","Heritage justice; social equity; representation; equitable tourism benefit distribution","Feedback sessions; participatory monitoring; innovation mechanisms","Hybrid structures integrating formal authority with informal community leadership","Departmental silos; inflexible centralized structures","Sustainability; Resilience; Co-evolutionary stewardship","Not explicitly distinguished; AG is presented as complementary to and integrated with collaborative governance and co-management rather than differentiated; hybrid model framed as combining ""participatory co-management and adaptive learning mechanisms""; AG noted as originally from ""environmental and resource management discipline"" now extended to cultural heritage (p.11)","Multi-level (National, Regional, Local)","Triangulated interviews, document analysis and on-site observations","""They prioritize the horizontal integration of the governmental levels and the vertical interconnection of the state and society. The latter models are experimentable, community-oriented, and can evolve policy through feedback"" (p.4); ""adaptive capacity is the ability of governance structures to learn and react to emerging demands and is at the heart of sustainability"" (p.10); ""To sum up, the discussion has validated the fact
that sustainable heritage governance should be based
on the collaborative, adaptive, and justice-centered
principles. The best and most sustainable forms of
governance will be hybrid models which will
combine institutional authority with community
empowerment."" (p.12)","Comparative multi-case study of adaptive heritage governance"
"7","Paul, D., Thompson, B. S., & Farrelly, M. (2025)","Expanding theories of learning for adaptive governance: Civil society action on water security and environmental pollution","https://doi.org/10.1016/j.envsci.2025.104261","Johor State, Malaysia","Water Security / Environmental Pollution","2018–2021","Congruence analysis using policy assemblage (15 semi-structured interviews, media accounts, participant observation)","Civil society organizations (CSOs) and their governance actions","2018–2021","Periodic revisiting and active updating of institutions and management actions to reflect changing contexts and new knowledge","Multiple-loop learning (single, double and triple-loop); Political Ecology","Balanced / analytical","Activities designed around learning; repeated activities; actor embeddedness in communities","Information opacity; technically simple but politically safe activities; lack of data transparency","Youth science clubs conducting biodiversity monitoring; CSOs using video games for environmental learning","Operationalised via a novel analytical framework (Fig. 1) combining three learning-based ""governance actions"" (GA1 problem framing; GA2 knowledge creation and sharing; GA3 independent action) with three depths of learning (single-, double-, triple-loop), producing a 3x3 grid of cells (e.g., SF, DK, TI); activities characterised into cells based on purpose and method; single-loop = ""doing things right""; double-loop = ""what are the right things to do?""; triple-loop = ""how do we decide what things are right to do?"" / ""learning how to learn"" (Table 1, Figs. 1 and 4, p.1-3)","Central analytical concern","Social justice; Indigenous Peoples (Orang Asli); marginalised voices","Multiple-loop learning; reflexive feedback; mutual learning","Information sharing; data transparency; trust among actors","Vested interests; public apathy; pressure for quick infrastructure fixes","Linked to social learning; policy learning; greenwashing","Distinguished from technocratic approaches based solely on single-loop learning","Subnational (Johor State)","Triangulated interviews, media accounts and participant observation","""Adaptive governance is the periodic revisiting and active updating of institutions and management actions to reflect changing contexts and new knowledge."" (p.489)","Empirical qualitative study focusing on learning processes in adaptive governance"
"8","Li, M., Wu, M., Shan, X., & Chen, X. (2026)","Teacher Empowerment and Governance Pathways for Climate-Resilient Education Systems","https://doi.org/10.3390/su18063057","Global","Education Systems / Disaster Risk Reduction (DRR)","2000–2025","Scoping review (PRISMA-ScR) of 53 eligible studies","Education workforce (teachers) and education governance systems","2000–2025","Institutionalized flexibility through learning-based accountability rather than ex post facto sanctioning","Collaborative Governance; Crisis Management; Street-Level Bureaucracy","Supportive / advocated","Financed capacity; cross-sector coordination; learning-oriented accountability","Mandate–resource mismatch; accountability overload; unstable centralization–autonomy dynamics","Teacher-led preparedness planning and adaptive pedagogy through co-design","Governance pathways: Rules/Mandates; Capacities/Financing; Coordination/Networks; Accountability/Learning; Equity/Protection","Central analytical concern","Intersectional equity safeguards; cultural legitimacy","Governance-to-capability pathway; feedback loops; after-action reviews","Delegated decision rights; financed capacity; digital infrastructure","Punitive compliance regimes; audit-heavy reporting; blame-oriented performance regimes","Linked to climate resilience; disaster risk reduction; responsibilization","Distinguished from rebuilding schools by emphasizing institutionalized adaptiveness and learning loops","Multilevel (classroom, school, district, national)","Scoping review of peer-reviewed and grey literature","""Resilience is developed through the institutionalization of flexibility by learning-based accountability rather than ex post facto sanctioning."" (p.616)","Scoping review of governance pathways for climate-resilient education systems"
"9","Bushuyev, S., Wolff, C., Biletskyi, I., Chumachenko, I., & Bushuieva, V. (2026)","Strategic Management of Urban Sustainability and Resilience: Navigating the BANI Environment in Ukrainian Context","https://doi.org/10.3390/urbansci10020056","Kyiv, Ukraine","Post-conflict urban recovery, sustainability, and resilience","2025–2030","Socio-technical modelling integrating adaptive governance and circular-economy reconstruction with stochastic portfolio optimization, AI-enabled analytics, and urban digital twins","Kyiv reconstruction and urban management portfolio","2025–2030 (planning horizon)","Decision-making approach emphasizing collaboration, flexibility, and inclusivity","BANI framework; Social-Ecological Systems (SES); Ecosystem Theory","Supportive / advocated","AI-enabled analytics; IoT sensing; urban digital twins; participatory budgeting; agile procurement","Information ambiguity; anxiety-driven decision delays; infrastructure destruction; cybersecurity risks","Rapid reprogramming of the Kyiv Digital app for wartime civil protection and real-time alerts","Composite performance index F(t): service uptime, recovery speed, emissions intensity, equity of access","Central analytical concern","Equitable access to green and social infrastructure; health equity; inclusive digital literacy","Continuous monitoring; rapid learning cycles; iterative policy updates; participatory co-creation","Robust digital foundations (Diia, Trembita); secure-by-design digital architecture","Siloed programmes; classical long-range master plans","Positioned as successor to VUCA","Distinguished from traditional urban planning based on fixed long-term blueprints","Municipal / city level","Stochastic modelling; scenario analysis; qualitative synthesis of wartime municipal adaptation","""Adaptive governance has been a necessity. The city's municipal government demonstrated remarkable agility by rapidly reprogramming its public services app (Kyiv Digital)..."" (p.9)","Urban governance study in a post-conflict context using socio-technical modelling"
"10","Lira et al. (2025)","When Hell Froze Over in Texas: Evaluating State and Local Responses to Winter Storm Uri in February 2021 Through Adaptive Governance and Disaster Management Frameworks","10.1007/s11115-025-00880-7","Texas and San Antonio, USA","Disaster management; Climate-induced crisis","44228","Mixed-methods case study (document analysis and stakeholder interviews)","State and local government responses to Winter Storm Uri","February–March 2021 and post-crisis recovery","Adaptive governance is a flexible, collaborative approach integrating diverse stakeholder inputs while emphasizing learning and adaptation","Adaptive governance challenge framework; Disaster management cycle","Supportive / advocated","Horizontal collaboration; technological innovation; institutional learning","Representation gaps; fragmented decision-making; communication silos","Transit rerouting for warming centres; adaptive food distribution based on real-time feedback","Representation; decision-making; scientific learning; public learning; problem responsiveness","Legislative reforms; power politics surrounding electricity grid failures","Energy justice; focus on vulnerable populations and social equity","Continuous learning; problem responsiveness; resource sharing","Weatherization mandates; inclusive operational protocols","Infrastructure vulnerabilities; rigid governance; reactive planning","Resilience; Community resilience; Adaptive management","Presented as a roadmap integrated across the disaster management cycle","State and Local","Legislative journals, podcast transcripts and senior leader interviews","""Adaptive governance emerges not as a theory, but as a practical necessity for disaster management."" (p.1793); ""This unilateral decision-making made it difficult for the [San Antonio] EOC to deploy coordinated resources to targeted areas."" (CoSA, 2021a, pg. 31) (p.1804); ""Adaptive governance is more than a theoretical framework; it is a practical necessity in an era of escalating environmental volatility."" (p.1819)","Mixed-method case study evaluating adaptive governance during Winter Storm Uri"
"11","Chen, X., Ding, Z., Li, X., Baiyinbaoligao, & Liu, H. (2025)","Spatiotemporal Dynamics, Risk Mechanisms, and Adaptive Governance of Flood Disasters in the Mekong River Countries","https://doi.org/10.3390/su17219664","Lower Mekong Basin (Cambodia, Laos, Myanmar, Thailand, Vietnam)","Flood disaster risk and water governance","1962–2024","Multivariate spatiotemporal analysis and multisource data fusion (EM-DAT, MRC) using the Analytic Hierarchy Process (AHP) to construct a Flood Risk Index","Five Mekong River Basin countries and their flood governance frameworks","1962–2024","Flexible, context-specific approaches to disaster management requiring dynamic policy frameworks capable of adjusting to spatial disparities","Classical Risk Theory (Risk = Hazard × Exposure × Vulnerability/Coping Capacity)","Supportive / advocated","Regional cooperation; institutional flexibility; transboundary knowledge sharing","Fragmented management; lack of unified coordination; infrastructure prioritizing hydropower over flood mitigation","Lancang–Mekong Cooperation activities and Mekong River Commission regional coordination","Flood Risk Index incorporating rainfall intensity, deforestation, HDI, and reservoir storage","Central analytical concern","Mentions vulnerability of children and the elderly; systematic engagement with equity/justice Not reported","Dynamic adjustment to spatial flood typologies; coordinated cross-border reservoir operations","Transboundary institutional flexibility; basin-scale data sharing","Fiscal capacity disparities; fragmented national management; uneven structural flood control","Linked to Sustainable Development Goals (SDGs) and disaster risk reduction","Distinguished from fragmented national management focused on single events or localized areas","Transboundary / regional and national","Spatiotemporal analysis; comparative multi-country database; 2018 field validation","""The analysis identifies critical gaps in adaptive governance, particularly the need for dynamic policy frameworks..."" (p.2)","Comparative regional flood governance study across the Lower Mekong Basin"
"13","Xu, J., Li, Y., Shao, S., & Ke, X. (2026)","Sustainability-Oriented Assessment of the Governance Capacity of China's Intangible Cultural Heritage Policies: A Hybrid BERTopic-PMC Systematic Analysis","https://doi.org/10.3390/su18052177","China","Intangible Cultural Heritage (ICH) safeguarding","2005–2025","Hybrid text-as-data approach combining BERTopic topic modelling with the Policy Modeling Consistency (PMC) Index","26 national-level Chinese ICH policy documents","2005–2025","Dynamic monitoring, annual evaluations, rolling revisions, corrective mechanisms, and learning-based adaptive adjustment as core mechanisms of sustained improvement","Sustainable governance; Collaborative governance; PMC Index model","Supportive / advocated","Cross-sector coordination; multi-actor participation; closed-loop feedback systems; stable multi-year budgeting","Weaknesses in time institutionalization; lack of monitoring–evaluation–feedback provisions","Shift in policy agenda toward resource allocation and performance governance","Nine primary variables and 45 binary secondary indicators","Central analytical concern","Equity and inclusion for marginalized groups; community participation; co-governance","Closed-loop feedback-driven policy revision; rolling adjustment mechanisms; dynamic inventory management","Unified systems for data collection and monitoring–evaluation linked to budget allocation","Preference for principle-based guidance over tightly specified, time-bound pathways","Linked to Sustainable Development Goals (SDGs) and living heritage transmission","Distinguished from project-style or episodic staged tasks lacking rolling revision","National","PMC Index scores; semantic network clustering; Sankey diagram of topic evolution","""Whether the policy system can institutionalize durable, implementable, monitorable, and feedback-enabled arrangements... constitutes a decisive prerequisite."" (p.2)","Quantitative policy analysis of China's national ICH governance framework"
"14","Guo, H., Pang, R., Liu, L., Xing, X., & Li, H. (2026)","Approach to Establishment of Self-Organizing Governance in Digital Government Systems","10.3390/su18063035","China (Shanghai and Jiangsu)","Digital government systems","2019–2024","Data-driven and theory-guided hybrid approach using complex network analysis and named entity recognition of policy texts","Government information interaction networks (administrative decision-making and execution levels)","Shanghai transportation (2021–2024); Jiangsu COVID-19 emergency (2019–2020)","Capability of a digital government system to continuously reconfigure its architecture and governance arrangements in response to context-driven changes rather than relying on predetermined processes or fixed hierarchy","IT alignment theory; Complex network theory; Modularity theory","Supportive / advocated","Self-organization; fractal design; dynamic alignment; bottom-up decentralized decision-making","Rigid top-down architecture; structural rigidity; business–governance misalignment","Routine urban transportation governance in Shanghai and COVID-19 emergency management in Jiangsu","Network topological properties (scalelessness, self-similarity, heavy-tailed distribution) and 11 governance rules","Mentions platform-based power constraints","Mentioned - accountability and stability recurring as goals (""stable, accountable and responsive government""; ""preserving institutional stability and accountability""); transparency discussed as a core governance attribute (usefulness, strategic construction, participation); equity/justice not substantively addressed; user-centricity noted","Fractal modular design; on-demand modularization; layered-nested coordination","Multi-stakeholder participation; coordination of internal and external capabilities","Rigid administrative hierarchies; pre-structured systems","Linked to intelligence; resilience; compatibility; sustainable digital governance","Distinguished from traditional hierarchical governance and planned collaborative governance","Multilevel - subnational/local and regional (city Shanghai; province Jiangsu) with national policy context (14th Five-Year Plan); governance analyzed across administrative decision-making and governance-execution levels; also references international/OECD, EU, US frameworks as backdrop","Quantitative network analysis of 497 policy documents and structural diagnosis of interaction hubs","""Adaptive governance that supports self-organization and structural coordination is essential for the sustainable development of digital government systems."" (p.648)","Digital governance study using network analysis and policy text mining"
"16","Hoppit, G., Pieraccini, M., & Turner, R. A. (2026)","Legal frameworks for adaptive governance in marine protected areas: An English case study","https://doi.org/10.1016/j.jenvman.2026.129587","England (inshore waters)","Marine conservation / Marine Protected Areas (MPAs)","Post-2009 (Marine and Coastal Access Act implementation)","Mixed methods; doctrinal legal analysis of the MCAA plus supporting statutory/policy guidance documents; complemented by document analysis; and six semi-structured (elite) interviews with IFCA practitioners conducted virtually in 2021, transcribed and thematically coded (p.3)","Marine and Coastal Access Act 2009 (MCAA) and Inshore Fisheries and Conservation Authorities (IFCAs)","2009–2026","Flexible and iterative framework for navigating uncertainty and complexity in social-ecological systems through learning, experimentation, and collective decision-making","Adaptive governance principles: social learning; reflexivity; planned review; participatory decision-making","Supportive / advocated","Statutory diverse membership; flexible byelaw permitting; institutionalized knowledge sharing","Limited institutional capacity; funding shortfalls; bureaucratic delays","Sussex IFCA trawling byelaw and Devon & Severn IFCA permitting systems","Multiple-loop learning; reflexivity; scheduled review periods","Discusses conflicts between regulators and stakeholders","Participation enhances legitimacy and acceptability but empowerment remains limited","Iterative policy adjustments; mandated reporting; reflexive checkpoints","Mandated diverse membership in regulatory bodies","Non-binding statutory advice; rigid precautionary principle application","Linked to social-ecological resilience and adaptive management","Distinguished from reactive management and static governance pathways","Local and regional (inshore)","Doctrinal legal analysis and qualitative interviews","""Resilience is developed through the institutionalization of flexibility by learning-based accountability rather than ex post facto sanctioning."" (p.731)","Mixed-methods legal and governance study of English MPAs"
"17","Jiang, L., & Ma, T. (2025)","Adaptive Governance and Policy Evolution of the Yangtze River Fishing Ban: A Quantitative Analysis (2002–2024)","https://doi.org/10.3390/w17213032","China (Yangtze River Basin)","Watershed governance / Fisheries management","2002–2024","Quantitative policy text analysis using ROST CM6 and NVivo 12 Plus","120 central government policy documents","2002–2024","Dynamic adjustment of policy tools to meet evolving demands and enhance system resilience","Policy tool theory; Intergovernmental collaborative governance","Supportive / advocated","Institutional frameworks; cross-regional platforms; multi-level learning","Imbalanced policy tool structure; dependence on central government; rigid constraints with limited flexibility","Cross-provincial ecological compensation pilots in the Chishui River","Counts and proportions of supply-side, demand-side and environmental policy tools","Focuses on intergovernmental coordination and administrative barriers","Addresses fishermen's resettlement; social security; livelihood security","Phased adaptation of policy tool combinations","Institutionalized cooperation platforms; cross-departmental task division","Sectoral hierarchies; vague responsibility divisions; fiscal transfer dependence","Linked to resilience; sustainability; collaborative governance","Distinguished from rigid constraints and case-by-case handling","National and basin-wide","Quantitative analysis of policy instrument nodes across 120 policy texts","""Tool combinations have adapted to changing collaboration needs, evolving from rigid constraints and fiscal subsidies to institutional frameworks and cross-regional cooperation."" (p.756)","Quantitative policy evolution study of Yangtze River fisheries governance"
"18","Guo, R., & Ye, M. (2026)","From pollution control to adaptive governance: evidence from text-as-data analysis of statutory discourse in Japan's Seto Inland Sea","10.3389/fmars.2026.1789035","Japan (Seto Inland Sea)","Marine environmental governance / Nutrient management","1960s–2025","Text-as-data analysis using word frequency, Jaccard co-occurrence networks, and multidimensional scaling","41 statutory policy documents (laws and statutory plans)","1960s–1977; 1978–2014; 2015–2025","Post-remediation governance characterized by evidence-and-feedback rationality, nutrient optimization, monitoring, and policy-effect verification","Shift in governance rationalities (Compliance → Performance → Evidence/Feedback)","Supportive / advocated","Rule certainty combined with adjustment flexibility through reviewable procedures","Trade-offs among water quality, ecosystem productivity, and fisheries livelihoods","2022 amendment to the Seto Inland Sea Act introducing two-way nutrient management plans","Jaccard coefficients and multidimensional scaling semantic neighbourhoods","Discusses authority–responsibility boundaries and hydro-political context","Legitimacy linked to standardized public water quality standards","Goal–indicator–evaluation systems; monitoring–evaluation–revision loops","Statutory provisions specifying evaluation schedules and revision triggers","Short-cycle oscillation; long ecological response lags","Linked to Integrated Coastal Management (ICM) and Satoumi","Distinguished from one-way reduction-oriented regulation and purely deliberative approaches","National and prefectural","Longitudinal structural analysis of 41 statutory texts","""Governance design also benefits from formalizing a realistic interpretation window for effectiveness verification, reducing short-cycle oscillation driven by transient fluctuations."" (p.963)","Longitudinal statutory discourse analysis of Japanese marine governance"
"19","Rabinovych, M., & Bjornå, H. (2025)","Navigating turbulence: adaptive local governance responses to the consequences of Russia's war against Ukraine in the Norwegian Arctic","https://doi.org/10.1017/S0032247425100119","Norway (Troms and Finnmark counties)","Local governance across civilian preparedness, international cooperation, infrastructure, and economics","2022–2025","Qualitative methodology using 19 semi-structured interviews, policy document analysis, and media analysis","Local and regional authorities and stakeholders in the Norwegian Arctic","Interview period: October 2024–March 2025","How organizations respond to crisis and turbulence through long-term institutional adaptation, iterative learning, and strategic flexibility","Crisis; turbulence; political adaptation theory","Neutral / analytical","Inclusive consensus-building; strong civic engagement; international networks","Institutional and organizational inflexibility; limited resources; institutional entanglements","Internal restructuring for civilian preparedness and intermunicipal advisor sharing","Five strategies: iterative learning; seizing opportunities; flexibility; meaningful collaboration; adaptive leadership","Examines geopolitical disruptions and changing power dynamics","Considers Sámi concerns, traditional livelihoods, and consensus-building","Small-scale experimentation; gradual policy adjustment; multi-stakeholder networks","Pre-existing cooperation structures; trust-based relationships","National policy constraints; international negotiations limiting local adaptation","Linked to resilience; robustness; agility","Distinguished from resilience by emphasizing transformation and innovation under ongoing turbulence","Local and regional","Semi-structured interviews with political and administrative leaders","""Norway's deeply rooted culture of stakeholder engagement and inclusive consensus-building has consistently been depicted as an important asset in navigating turbulence."" (p.996)","Qualitative study of adaptive local governance in the Norwegian Arctic"
"20","Srinivasan, J. (2025)","Transforming collapsing arid river systems: Moving from deterministic approaches to complex adaptive governance","https://doi.org/10.1016/j.wasec.2025.100192","Global arid and semi-arid regions (Upper Colorado River, USA; Syr Darya, Kazakhstan; Amu Darya, Uzbekistan)","Water security / River governance","Historical to present; references 1922 Colorado River Compact through 2022-2025 shortage declarations and legislation; drought/inflows ""Since 2000"" (p.5); no single bounded empirical period.","Narrative literature review and comparative case analysis","River systems, watersheds, and catchments","Not an empirical observation window; review referencing events c.1922-2025.","Epistemic and operational approach enabling societies to live with risk and uncertainty regarding water availability and river flows","Complex Adaptive Governance; Panarchy; Bioeconomics","Supportive / advocated","Social cohesion; kinship and social networks; culturally fluid property rights","Entrenched efficiency traps; rationalist legacy models; Soviet-era institutional mechanisms","Syr Darya Delta common-pool resources; Colorado Basin Salinity Control Program","Multi-level salinity management trends; fluidity of de jure and de facto property rights","Discusses political economy and power distribution among actors","Highlights inequitable allocation systems under deterministic governance","Structural governance and feedback systems; sensemaking; continual redrafting of governance narratives","Decentralized systems; overlapping property rights","Entrenched river-flow management practices; state ownership of land","Linked to transitions and transformation","Transformation described as deeper systemic change than transitions","Cross-scale (local to international/basin)","Narrative review and historical longitudinal case studies","""Complex adaptive governance is defined as an epistemic and operational approach that enables societies to live with risk and uncertainty regarding water availability and river flows.""","Conceptual and comparative review of adaptive river governance"
"21","Hasan, F. U., Dare, L., & Sinclair, D. (2025)","Governing groundwater in the Indus Basin: Barriers to effective groundwater management and pathways for reform","10.1016/j.envsci.2025.104247","Indus Basin, Pakistan","Groundwater / Agriculture","2025","Document analysis and semi-structured interviews","Legal, institutional, and policy frameworks of the Indus Basin","Contemporary","Not explicitly defined; aligned with learning-based and collaborative management","Ostrom's Design Principles; Integrated Water Resource Management (IWRM); Stakeholder Engagement Theory","Supportive / advocated","Farmer-led monitoring; polycentric monitoring; information exchange","Overlapping agency mandates; weak enforcement; limited stakeholder participation","Traditional irrigation systems; farmer-led and citizen-science monitoring","Nested enterprises; collective-choice arrangements; graduated sanctions","Discusses exclusion of smallholders and governance power imbalances","Focuses on legitimacy, inclusion, and exclusion of smallholders","Co-design; polycentric monitoring combining state and citizen science","Rules adapted to local conditions; conflict-resolution mechanisms","Institutional fragmentation; capacity gaps; socio-political inertia","Linked to polycentric, participatory, and collaborative governance","Not reported","Multi-level (local to basin)","Policy reviews; institutional mapping; stakeholder interviews","""Stakeholder engagement is crucial as it operationalises participatory governance principles.""","Groundwater governance reform study in Pakistan"
"23","Lecocq & Müller (2025)","Protean power and adaptive governance in EU peacebuilding: engaging hybrid actors in a fragmented European neighbourhood","10.1057/s41295-025-00422-x","EU Neighbourhood (Lebanon and Gaza)","Foreign policy / Peacebuilding / Crisis management","2006 (Hamas election victory in Palestinian legislative elections) to 2023; also references Hezbollah's emergence in late 1970s/1980s and the ongoing Israel-Gaza war from October 2023","Qualitative case study analysis","EU crisis management and foreign policy integration","Empirical observation from the 2006 Palestinian elections until 2023 (p.709)","Not explicitly defined; framed through strategic flexibility and long-term institutional adaptation","Protean Power; Political Adaptation Theory","Not reported","Conflict early warning; liquid alliances; innovation; transformation","Radical uncertainty; limited leadership","EU peacebuilding; selective engagement with Islamist parties","Conflict Early Warning System; convergence in EU foreign policy","Central analytical concern (protean power; discursive power)","Mentioned - discusses legitimacy of hybrid actors (Hezbollah ""officially and legitimately representing part of the (Shi'a) population""; drawing on external actors' ""legitimacy""); notes concerns about undermining ""nascent Palestinian democratic institutions"", socio-economic decline and radicalization from the Hamas boycott; equity/justice not treated as a dedicated analytical focus","Early warning; strategic flexibility; strategic adaptation","Integrated EU crisis management; innovative practice","Legal/political constraints from terrorist designations and sanctions; rigid ""no-contact"" policies; ""rule-dependency"" and ""decentralized decision-making"" as limiting factors for protean power (p.723); accountability structures and partner (Israeli) pressure; divergent member-state positions creating mandate ambiguity that pushes diplomats to avoid engagement; decisions taken in international bodies (Middle East Quartet); lack of EU intelligence capacity","Linked to resilience; agility; crisis response","Adaptive governance is positioned as the transformative process that converts a protean power response of improvisation/innovation into ""more durable, institutionalized adaptive governance arrangements and practices"" (Abstract); adaptive governance strategies (learning, innovation, experimentation) are contrasted with ""stability-minded, hierarchical forms of governance that tend to be associated with 'control power'"" (p.710); adaptive governance addresses the neglected process by which protean power translates into institutional/policy/practice change","Multilevel - EU institutions (Council, Commission, EEAS), member states, and local/field-level actors, plus international/regional levels","Theoretical analysis and foreign policy case studies","""The Protean Power of Europe: Innovation and Transformation in the Face of Radical Uncertainty.""","Conceptual and case-based analysis of EU adaptive governance"
"24","Singh, R., et al. (2025)","Scaling rainwater harvesting for irrigation in Kenya: potential sustainability risks and the need for adaptive governance","https://doi.org/10.1088/2976-601X/ad93db","Kenya","Food systems / Agricultural irrigation","2024–2025","Qualitative design; combines a global literature review (60 publications screened, 11 excluded, 49 analyzed) with a Kenyan case study; primary data: 41 semi-structured and unstructured interviews (45-90 min) plus 1 focus group discussion, preceded by 6 expert interviews, site visits and non-participant observation; thematic coding of transcripts into three sustainability dimensions (environmental, social, economic) and comparison/synthesis with literature (pp.5-6)","Rainwater harvesting scaling strategies","Contemporary","Governance approach emphasizing flexibility, resilience, and capacity for change rather than linear outcome-focused management","Critical Institutionalism; Adaptive Governance","Supportive / advocated","High social capital (multiplicity of networks, cross-group interactions, strong leadership, trust); participatory, inclusive and democratic development of scaling strategies giving stakeholders ownership; institutional legitimacy; multi-stakeholder spaces linking actors across scales; strong monitoring and data-collection capacity feeding learning and experimentation; a legitimate legal framework with agreed conflict-management/adjudication mechanisms; collaboration with customary/community institutions; incentivizing farmers to self-report; prioritizing smallholders' needs and legal protection","Sustainability risks; uncertain conditions","Farmer-led irrigation development in Kenya","Operationalised via the ""dimensions of sustainability"" framework (environmental, social, economic costs/benefits) applied across scales (individual, household, community, watershed/regional); responsible-scaling heuristic of identifying ""what works, what fits, and who is responsible"" (p.3); multi-scalar risk assessment; and AG process elements of monitoring, ""learning processes"", ""experimentation"" and feedback loops, plus development of ""appropriate indicators, data collection methods and tools to assess outcomes of scaling"" (p.11)","Discusses political and socio-political dynamics","Addresses equity implications, gender, and intergenerational inequity","Flexibility; resilience; capacity for change","Institutional legitimacy and local ownership; high social capital and trust; participatory/consensus-based processes; legal and policy frameworks that recognise and represent RWHI; multi-scalar institutions attuned to sustainability goals at different scales; multi-stakeholder spaces; collaboration between state and customary/community institutions","Linear outcome-focused management regimes","Linked to resilience","Distinguished from linear outcome-focused management","Multilevel; explicitly multi-scalar - individual, household, community, watershed/catchment, county, regional and national levels, with emphasis on institutions attuned across scales","Mixed - empirical case study (interviews, focus group, observation in Kenya) combined with a global literature review (secondary/case evidence) and theoretical/conceptual framing (adaptive governance and critical institutionalism)","""Adaptive governance is a relevant approach for managing complex issues and achieving sustainability under uncertain conditions.""","Mixed empirical (qualitative case study + literature review) and conceptual paper; adaptive governance is a central, prescriptive analytical frame (in title, theory and all three discussion recommendations) rather than a passing mention, so INCLUDE despite the water-resource-management topic; AG is largely presented as needed/absent in Kenya rather than empirically observed in operation; strong integration of critical institutionalism, power and equity; page numbers cited use the article's printed page numbers"
"25","Silvee et al. (2025)","Comparative Environmental Governance: Legal Frameworks and Policy Responses in South Asia","10.1177/00219096251393376","South Asia (India, Pakistan, Bangladesh)","Environmental governance (pollution, water, biodiversity, disasters, GHG emissions)","1992 (Rio Earth Summit)–present","Comparative case study using the PESTEL framework","National legal and policy frameworks","1992–present","Adaptive governance emphasizes systems evolving in response to ecological stressors through iterative learning and stakeholder collaboration","Polycentric governance; Adaptive governance theory; Ecological resilience","Supportive / advocated","Iterative learning; stakeholder collaboration; community-driven strategies","Political instability; institutional capacity deficits; economic growth priorities","Bangladesh Cyclone Preparedness Programme; India's renewable-energy scaling","Adaptability; enforcement mechanisms; policy scope","Political inertia; executive dominance; industrial lobbying; geopolitical rivalry","Unequal access to justice; rural–urban disparities","Cross-regional policy learning; iterative stakeholder engagement","Polycentric governance; judicial activism","Centralized rigidity; weak federal–provincial coordination","Resilience; Polycentric governance; Sustainable development","Adaptive governance specifically supports environmental resilience","National; Regional; Local","Review of ~50 legal texts, 30 policy documents and 40 secondary sources","Not reported","Comparative environmental governance analysis across South Asia"
"26","Sofiyah, E. S., et al. (2025)","Adaptive governance in the water-energy-food-ecosystem nexus for sustainable community sanitation","https://doi.org/10.1016/j.wds.2025.100220","Labuan Bajo, Indonesia","WEFE Nexus / Community sanitation","2024–2025","Quantitative survey using binary probit and logit models","Adaptive capacities and community engagement in sanitation","Cross-sectional snapshot","Flexibility, learning, and stakeholder engagement enabling resilient infrastructure systems","Water-Energy-Food-Ecosystem (WEFE) Nexus","Supportive / advocated","Physical and institutional infrastructure; system adaptability; education; occupation","Structural and political challenges; funding cuts; declining public trust; leadership transitions","Community sanitation management and public participation","Assets; flexibility; organization; learning; agency","Discusses political challenges and shifting political contexts","Considers diverse stakeholder needs and sociodemographic variables","Learning; flexibility; organization; agency","Institutional infrastructure; system adaptability","Siloed systems; traditional approaches","Linked to resilience and sustainability","Distinguished from siloed traditional approaches","Multilevel (primarily local/community in Labuan Bajo, with references to layers of government, national policy frameworks, and global/Global South comparative implications)","Empirical survey data and regression modelling","""Adaptive governance emerges as a promising approach to address these interlinkages by incorporating flexibility, learning, and stakeholder engagement.""","Empirical quantitative WEFE governance study"
"28","Suripto, Suripto., et al. (2025)","Adaptive Innovation and Tax Service Performance: A Comparative Study of Regional Revenue Agencies During a Pandemic Crisis","10.13165/VPA-25-24-2-08","Yogyakarta and Central Java, Indonesia","Tax administration / Public service","2020–2025 (COVID-19)","Qualitative comparative case study using NVivo","Regional Revenue Agencies (Bapenda)","2020–2024","Coordination-based resource management responding to rapid environmental change through institutional transformation","Adaptive Governance Theory; Theory of Flexible Arrangements","Supportive / advocated","Partnership networks; performance incentives; distributed authority","Economic contraction; budget deficit; stakeholder conflicts","Central Java SAKPOLE digital platform","Digital service adoption rates and performance measures","Discusses distributed authority and stakeholder conflicts","Advocates equitable distribution of costs and benefits","Digital transformation; flexible processes; flexible structures","Partnership strategies; merit-based governance","Feudal governance systems; audit-heavy reporting","Linked to resilience and policy innovation","Not reported","Subnational / Local government","Qualitative comparative case study","""Adaptive governance emerges as a relatively new paradigm in public administration... coordination-based resource management regimes responding to rapid environmental changes.""","Comparative study of adaptive innovation in tax administration"
"29","Teixeira, T. C. S., & Ribeiro, M. M. R. (2025)","Integrating resilience and socioeconomic demands through adaptive governance: Dilemmas in the Brazilian water sector","https://doi.org/10.1016/j.envsci.2025.104048","São Francisco River Basin, Brazil","Water governance / Freshwater charging","2024–2025","Qualitative grounded theory developing a Panarchy Tree model","Institutional decision processes at national and federal levels","2004–2025","Governance characterized by trustworthy information, conflict resolution, enforcement, adequate infrastructure, and adaptive capacity","Panarchy; Adaptive Cycles; Bioeconomics","Supportive / advocated","Participatory basin committees; polycentric governance","Disconnect between policy, stakeholder plans, and environmental unpredictability","São Francisco River Basin Committee and freshwater charging implementation","Panarchy Tree decision hierarchy and adaptive-cycle intervention points","Discusses political power and governance decision-making","Addresses intergenerational responsibility and balancing socioeconomic and biodiversity goals","Learning; conflict resolution; monitoring–evaluation–feedback","Brazilian Water Law (Law 9433/1997); participatory basin management","Command-and-control instruments; standardized charging disconnected from variability","Linked to Panarchy; resilience; bioeconomics","Distinguishes governance from management: management is ""primarily concerned with operational and administrative activities that aim to maintain system stability,"" whereas governance ""embraces the full complexity of regulatory processes and their interaction"" (Pahl-Wostl, 2009, p.5); the Panarchy Tree is distinguished from classical top-down hierarchical/decision-tree theories by adding bottom-up feedback and indirect horizontal interactions among same-level cycles (p.8); AG framed as learning-based and adaptive, integrating environmental (bioeconomic) limits rather than rigid supply-demand balance","National to Local (multi-level)","Conceptual model validated using basin management history","""Adaptive management [is] a process based on improvement through learning.""","Conceptual and empirical study of Brazilian water governance"
"30","Asare, E. A., et al. (2025)","Climate change, soil health, and governance challenges in Ghana: A review","https://doi.org/10.1016/j.landusepol.2025.107684","Ghana","Soil health / Agricultural productivity","1997–2024 (emphasis 2018–2024)","Systematic literature review and qualitative synthesis","Multi-level governance structures and soil health","1997–2024","Governance characterized by flexibility, multi-stakeholder collaboration, and learning for complex social-ecological systems","Adaptive Governance","Supportive / advocated","Traditional knowledge integration; multi-stakeholder platforms; adaptive policy mechanisms","Policy fragmentation; resource constraints; power asymmetries","Community Resource Management Areas (CREMAs)","Knowledge Integration Hub; Feedback and Learning Systems; Capacity Building Networks","Examines power relations and influence patterns","Highlights marginalization of smallholder farmers","Knowledge co-production; institutional learning; feedback systems","Dual governance systems integrating formal and traditional institutions","Overlapping mandates between MoFA, EPA, and CSIR-SRI","Linked to climate adaptation and sustainable land management","Not reported","Local to National (multi-level)","Qualitative synthesis of 89 studies","""Adaptive governance... acknowledged the complex, dynamic nature of social-ecological systems and emphasizes flexibility.""","Systematic review of soil governance in Ghana"
"31","Legatzke, H., et al. (2025)","Governance of a landscape: The role of formal and informal organizations","https://doi.org/10.1016/j.jenvman.2025.124974","U.S. Great Plains (Nebraska and Montana)","Landscape / Biome / Rangeland management","1990–2020 (recent observations 2024)","Survey of conservation professionals","Formal and informal governance organizations","1990–2020","Governance spanning formal and informal spheres to address environmental challenges","Adaptive Environmental Governance; Social Network Theory","Neutral / analytical","Polycentric institutions; cross-scale networks; organizational learning; experimentation","Spatial information mismatches; fragmented political boundaries","NGO bridging roles; university-led cross-disciplinary training","Network topology; risk perceptions; occupational similarity","Discusses influence of informal organizations","Promotes inclusion of diverse and nontraditional perspectives","Social learning; network bridging; information transfer","Nimble informal organizations facilitating dialogue","Overlapping jurisdictions; fragmented political boundaries","Linked to regime shifts and social-ecological systems","Not sharply differentiated; adaptive governance is treated as an overarching approach spanning formal and informal spheres, with adaptive management, organizational learning, collaboration, polycentricity and social networks framed as constituent features/mechanisms rather than as concepts distinguished from AG; the paper's own distinction is between formal (government, explicit laws/policies) and informal (NGOs, academia, markets, networks) governance organizations rather than between AG and neighboring concepts","Multi-level (Local, State, Federal, Global)","Empirical social network survey","""Adaptive governance... spans both the formal and informal spheres of governance to address modern environmental challenges.""","Empirical social network study of landscape governance"
"32","DeCaro, D. A., et al. (2025)","Maladaptive state reinforcement of greenspace in racially marginalized neighborhoods: lessons from Louisville, Kentucky's failed cooperative extension partnership","https://doi.org/10.5751/ES-16038-300203","Louisville, Kentucky, USA","Greenspace / Urban public goods","2005–2020 (follow-up 2024)","Qualitative interviews and policy analysis","Cooperative extension partnership system and allotment garden program","20-year period (2005–2020)","Governance characterized by diverse centres of activity sharing information, experimentation, and institutional adaptation","State-Reinforced Self-Governance (SRSG) Framework","Critical / analytical","Multi-actor cooperation; distributed authority; fiscal authority","Institutional misfit; responsibility-heavy decentralization; state oppression or neglect","Failed community allotment garden partnership","SRSG coding system (Communication, Boundaries, Equity, Accountability, Flexibility)","Critiques concentrated power and monopolized authority","Focuses on racially marginalized neighbourhoods and equitable cost-benefit sharing","Social learning; co-provisioning; trial-and-error experimentation","Legally binding responsibilities; formal authorization","Informality lacking cooperation requirements; unstable funding","Linked to transformative governance; self-governance; decentralization","Transformation described as deeper change; maladaptive systems characterized by responsibility-heavy decentralization","Metropolitan / Local","Twenty-year qualitative longitudinal analysis and interviews","""Institutional misfit... severely undermine[s] the adaptive and transformative capacity of a governance system.""","Critical case study of maladaptive urban governance"
"33","Gustafsson, M., et al. (2025)","Adaptive governance amidst the war: Overcoming challenges and strengthening collaborative digital service provision in Ukraine","https://doi.org/10.1016/j.giq.2025.102056","Dnipropetrovsk region, Ukraine","Public service delivery / Digital welfare","Post-2022 (Russian invasion)","Critical case study integrating survey and interview data","Action arena of collaborative governance practices","Empirical observation focused on 2023 and early 2024 during the full-scale invasion; references data/statistics for 2022-2024 (p.5)","Not explicitly defined; linked to increased collaboration, emergence of new actors, and changing governance practices that enable systems to respond to shocks","Ostrom's Institutional Analysis and Development (IAD) Framework","Supportive / advocated","Digital technologies (Diia platform); decentralization reforms; voluntary engagement","War; infrastructure damage; financial constraints","Continuation of public services through the Diia digital ecosystem","Emergence of new actors; modified engagement patterns; co-production of digital services","Examines strategic and political actions shaping institutions","Focuses on legitimate state capacity through adaptive institutions","Co-production; collaborative practices; modification of rules and engagement patterns","Pre-existing decentralization and digitalization reforms","Disrupted institutional context where traditional rules and norms no longer apply","Linked to collaborative governance and co-production","AG is presented as the emergent adaptive/institutional-change outcome enacted through collaborative governance and co-production rather than a distinct competing concept; distinguished from formal, rule-based, stable governance (""collaborative practices, rather than formal blue-prints, can re-write the rules""); the paper does not offer an explicit definitional demarcation of AG from related concepts (p.9)","Multilevel (constitutional/central, collective-choice, and operational/local levels), with primary empirical focus on local/regional governance and international-actor involvement","Critical case study using surveys and interviews","""Institutions are not static entities but can be dynamically reconfigured and reinterpreted through actions in practice.""","Empirical study of adaptive digital governance during wartime"
"34","Yulianto, Y., Rosalia, F., & Hutagalung, S. S. (2025)","Adaptive Governance in Environmental Issue: Systematic Literature Review","https://doi.org/10.18280/ijei.080319","Global","Environmental management (water, biodiversity, climate change)","Reviewed literature ""published within the last decade"" (approx. 2011-2024); article published 2025; primary source articles range ~2011-2021","Systematic literature review (PRISMA) of 19 studies","Adaptive governance literature","Last decade","Collaborative and flexible approach to solving complex environmental problems through adaptation, teamwork, and continuous learning","Resilience Theory; Social-Ecological Systems (SES); Polycentric Governance","Supportive / advocated","Multilevel governance; digital technologies; inclusionary policies","Institutional rigidity; centralized governance; trust deficits; power imbalances","Adaptive co-management of Kristianstads Vattenrike (Sweden)","Polycentricity; co-management; experimentation; social learning","Power imbalances among stakeholders","Democratic inclusion and inclusionary policies","Social networks; feedback loops; knowledge-sharing","Adaptable institutional structures; decentralized governance centres","Conservative institutions; centralized governance","Linked to resilience; sustainability; adaptive management","Distinguished from hierarchical and static governance systems","Multilevel","Systematic synthesis of academic literature","""Adaptive governance is rooted in resilience theory and promotes institutional structures that foster continuous learning, innovation, and flexibility.""","Systematic review of environmental adaptive governance"
"35","Pieterse (2025)","Justiciable socio-economic rights as adaptive law","10.1093/hrlr/ngaf019","South Africa","Housing law / Urban resilience","Post-2000","Legal/doctrinal analysis of judicial reasonableness review","Housing law and judicial governance","Not reported","Multi-centred, multi-scalar and multimodal governance coordinating power and responsibility among state and non-state actors","Adaptive Law; Resilience Thinking","Supportive / advocated","Clearly articulated roles; policies balancing short- and long-term needs","Polycrisis; poverty; precarity; inequality","Grootboom-style judicial reasonableness review","Dynamic; proportional; participatory responses","Allocation of power and responsibility between state and non-state actors","Protection of vulnerable groups and emergency needs","Learning-based accountability; flexible review standards","Empowerment of local governments","Urban polycrisis and structural inequality","Linked to adaptive law and urban resilience","Not reported","Multi-scalar (local, provincial, national)","Legal analysis and judicial precedents","""Decision-making processes should be collaborative, flexible, and discretionary, and must be tolerant of uncertainty, capable of learning, and responsive to feedback.""","Doctrinal legal analysis of adaptive housing governance"
"36","Carloni, E., et al. (2025)","Promoting sustainable food systems: An empirical analysis of local Food Hub governance models and structures in 12 African settings","https://doi.org/10.1016/j.envsci.2024.103983","Five African countries","Food systems / Food security","Reports filled out late 2021 - beginning 2022, covering the year 2021; World Cafe held 20 January 2023 in Zanzibar; study conducted within EU Horizon 2020 FoodLAND project","Quasi-experimental study of 12 Food Hub settings","Food Hubs","Empirical window centered on the year 2021 (reports covering 2021), with World Cafe input from January 2023; early design/conception/implementation phases of the FHs during the FoodLAND project","Flexible and multi-scalar governance balancing centralized and decentralized decision-making while promoting resilience and continuous learning","Adaptive Governance; Social-Ecological Systems (SES)","Supportive / advocated","Social capital; community empowerment; multi-actor innovation networks","Uncertain governance structures; ambiguous governance purposes","Uganda Food Hub consensus-based governance","Flexibility; participation; innovation networks; adaptive capability","Discusses balance of power through consensus","Community empowerment and engagement","Social learning; innovation networks; conflict resolution","Flexible institutional processes encouraging experimentation","State-centric governance; rigid supply chains","Linked to resilience and sustainability","Distinguished from traditional static governance","Multi-scalar","Empirical implementation across 12 Food Hub settings","""Adaptive governance offers a dynamic alternative to traditional static governance and decision-making models.""","Empirical study of adaptive governance in Food Hubs"
"37","Buettner, W. C., & Schultz, C. A. (2025)","Governing across jurisdictions in post-wildfire response and recovery: An analysis of the 2022 Hermit's Peak Calf Canyon Wildfire","https://doi.org/10.1016/j.jenvman.2025.125272","Northern New Mexico, USA","Post-wildfire response and recovery","The 2022 HPCC fire and its aftermath; historical context of prior New Mexico fires (Cerro Grande 2000, Las Conchas 2011); federal program appropriations 2019-2024; interviews conducted summer 2023 (one year after the fire)","Exploratory qualitative case study","Post-wildfire governance for a single case (the HPCC fire); the roles, interactions, challenges, and facilitators among key individual government and non-governmental actors across local, state, federal, and NGO levels","First year of response and recovery following the 2022 HPCC fire; interviews conducted in summer 2023; explicitly ""a snapshot of response and recovery efforts"" while conditions continued to evolve (Limitations)","Environmental governance enabling collective action to facilitate adaptation to change and surprise while evolving itself","Adaptive Governance (Cosens et al.; DeCaro et al.)","Supportive / advocated","Boundary organizations; flexible waivers; project-specific workarounds","Scale-fit issues; prescriptive federal policies; scientific uncertainty","Programme waivers such as EWP cost-share adjustments","Legal sunsets; flexible collaboration; monitoring institutions","Discusses political uncertainty affecting legal frameworks","Identifies exclusion of Acequia Associations from planning","Flexible problem solving; project prioritization; collective learning","Balance between federal accountability and local flexibility","Rigid eligibility rules; exclusionary guidelines","Post-disaster governance; boundary organizations/boundary objects; boundary spanning; collaborative governance/authorities and collaborative readiness; network/networked governance; social-ecological systems and ecological resilience/panarchy; scale and cross-scale dynamics (scale-fit mismatch); collective/social learning","AG treated as the broad umbrella framework encompassing post-disaster governance (""post-disaster governance scholarship that exists under the broader umbrella of adaptive governance""); boundary organizations positioned as facilitators/mechanisms within AG systems rather than synonyms; AG distinguished by its focus on scale-fit mismatches, capacity/flexibility balance, ability to evolve and adapt to change and surprise, and learning/policy redesign; contrasts findings with network-governance centrality claims (Jovita et al., 2018), finding a locally led/state-driven/federally supported pattern instead","Multilevel (federal, state, local)","Qualitative case study with interviews","""Collective learning is also an important factor that supports adaptive governance and is the process of adjusting approaches over time.""","Qualitative case study of wildfire recovery governance"
"38","Salih et al. (2025)","Legislative Responses to Environmental Degradation in Geomorphologically Sensitive Areas: Integrating Legal Frameworks, Scientific Validation, and Governance Approaches","10.59429/esp.v10i10.3946","Iraq (implied by author affiliations)","Environmental degradation; Geomorphology","2025","Multi-method study integrating geomorphic analysis with distributed surveys","Five geomorphologically sensitive sites (A–E)","Six-month monitoring period","No explicit definition reported","Post-heroic construction of science and nature; Adaptive management","Supportive / advocated","Community trust; governance legitimacy; scientific integration into planning","Spatial policy lag; weak enforcement; disconnected legal boundaries","Site A demonstrated adaptive iteration of policy landscapes","Legal-Geomorphic Coupling Index (LGC); Regulatory Adaptability Score (RAS); Enforcement Intensity Index (EII)","Examines tension between politically driven policy and scientific evidence","Institutional trust and governance legitimacy as prerequisites","Frequent feedback loops; co-management; participatory oversight boards","Flexible legal systems; spatially intelligent governance designs","Fragmented governance structures; weak legal enforcement","Adaptation; Resilience; Sustainable development","Not explicitly distinguished","Local / Community","Multi-site empirical analysis supported by legislative indices","Not reported","Empirical assessment of adaptive legal governance in environmentally sensitive landscapes"
"39","Farah Makki, Eugenio Morello (2025)","Living labs and urban governance: Addressing complexity for environmental transition - case study of air pollution in Ferrara, Italy","https://doi.org/10.1016/j.jum.2025.09.001","Ferrara,Italy","Urban management / Air pollution","2025","Multi-method co-creation approach","Urban Living Labs","Not reported","Implicitly characterized as experimentation and risk-taking within a dynamic governance process","Complexity Theory; Adaptive Governance","Neutral / analytical","Communities of practice; environmental citizenship","Uncertainty; unpredictable long-term outcomes","Air-Break Actions in the City co-creation pathways","Learning-by-doing; participatory co-design; alliance charters","Not reported","Environmental citizenship and inclusive co-creation","Experimentation; risk-taking; actor ecosystem connections","Co-evolutionary spaces","Limitations of top-down technical interventions","Linked to sustainability transitions and transformative capacity","Distinguished from top-down technical solutions","City","Qualitative description of citizen engagement","""AQ governance is therefore a dynamic and complex process that requires participatory approaches.""","Urban Living Lab study on adaptive governance"
"40","Woiwode, C., et al. (2024)","Identifying entry points for adaptive governance in peri-urban Chennai (India): a multi-dimensional, multi-level, and multi-scalar approach","10.3389/frsc.2024.1368240","Peri-urban Chennai, India","Peri-urbanization / Water and agroecology","2024","Mixed methods using narratives, system syndrome analysis and pathways mapping","Peri-urban socio-ecological system","Past extreme climate events (e.g., 2015 floods)","Decision-making systems of formal and informal institutions and social networks able to adapt under uncertainty","ELSA Framework (Engaging, Learning, Situating, Acting)","Supportive / advocated","Niche projects; synergistic pathways; Policy Lab workshops","Speculative frontiers; hierarchical governance; fragmented syndromes","Adaptive niche projects in Chennai","Institutional innovation; policy change; new coordination arrangements","Examines authority capture and elite influence","Democratic inclusion; distributed agency; addressing inequalities","Pathways mapping; co-evolutionary partnerships; collaborative engagement","Synergy across local, intermediate and state levels","Siloed sectors; weak fiscal decentralization; top-down governance","Linked to sustainability transitions and adaptive development pathways","Distinguished from command-and-control governance","Multilevel","Narratives and pathways mapping","""Adaptive governance is in itself an adaptive development pathway. It is therefore both, means and end.""","Mixed-methods adaptive governance study in peri-urban India"
"41","Bagherzadeh et al. (2024)","Normative Assessment of Enabling Factors for Adaptive Water Governance: Evidence and Lessons from the Hirmand River Basin, Iran","10.1007/s00267-023-01896-9","Hirmand River Basin / Sistan Delta, Iran","Water governance","2024","Qualitative triangulated approach (surveys, interviews and document analysis)","Water governance regime elements","Contemporary observation window; 150 participants (17 interviewed, 133 questionnaire respondents); 128 official documents analysed; 49 scientific articles and 40 dissertations reviewed; references to recent decades and projections","Adaptive governance is a range of political, social, economic and administrative systems that develop, manage and distribute resources in ways that promote resilience through collaborative, flexible and learning-based management across scales","Resilience Thinking; Adaptive Management","Supportive / advocated","Learning; science-policy dialogue; documentation of traditional knowledge","Rigidity trap; state-centric paradigm; over-legislation syndrome","Revival of traditional qanat management systems","Stakeholder deliberation; learning; policy development; legal and financial dimensions","Examines power struggles between ministries and hierarchical state-centred governance","Equity enhancement; institutional trust; inclusion of marginalized groups","Monitoring; feedback loops; information sharing","Supportive legislation; community self-organization","Fragmented governance; inflexible financial systems; procedure-bound bureaucracy","Adaptive Management; Adaptation; Complex water systems","Adaptive governance is presented as the social context enabling Adaptive Management","Multi-level (National, Provincial, County, Local)","Triangulated evidence from 133 surveys, 17 interviews and 128 documents","""Adaptive governance is the social context that enables and facilitates the implementation of Adaptive Management.""","Empirical normative assessment of adaptive water governance in Iran"
"42","Paes, D. C. A. S., et al. (2024/2025)","Adaptive governance in conservation units in Rondônia, Brazil","https://doi.org/10.1590/1982-7849rac2024240193.en","Rondônia, Brazil","Conservation units / Natural resource management","2024–2025","Theoretical-empirical qualitative study","Management councils and conservation unit residents","Empirical observation drawing on documents/plans from 2003-2019 and interviews reflecting changes since 2017/2021; specific fieldwork window not explicitly stated","Evolution of rules and norms enhancing flexibility, resilience and capacity for change","Ostrom's Common-Pool Resource Theory; Dietz's Adaptive Governance Requirements","Supportive / advocated","Self-organizing collaboration; social capital; community empowerment","Low formal education; information dissemination difficulties; uncertainty","Management councils in Brazilian conservation units","Information provision; conflict management; rule compliance; institutional flexibility","Discusses authorized decision-making and compliance","Stakeholder coordination and community engagement","Rule enforcement; compliance monitoring; sanctions","Learning and rule revision","Hierarchical guidance structures","Linked to socio-ecological systems; self-governance; collective action","Distinguished from intentional governing/control","Management councils","Meeting minutes, legislation and stakeholder interviews","""Governance can be understood as a mode of social coordination, distinct from the act of governing.""","Qualitative study of adaptive governance in conservation units"
"43","Prakash, A., George, R., & Barua, A. (2025)","Socio-hydrological frameworks for adaptive governance: addressing climate uncertainty in South Asia","10.3389/frwa.2025.1556820","South Asia","Socio-hydrology / Water management","2025","Methodological evaluation of IAMs, ABMs and System Dynamics models","Human-water systems","Not reported","Flexible and responsive approach acknowledging environmental uncertainty and complexity","Socio-hydrology","Supportive / advocated","Digital visualization technologies; modelling frameworks","Climate-driven hydrological uncertainty","""Participatory Irrigation Management"" program in Maharashtra empowering farmers; community-based water management projects in India; Nagaon district, Assam (surface-to-groundwater shift; dyke/aali construction); Nashik, Maharashtra participatory watershed development; traditional tank water-harvesting systems (PRA, WUAs rehabilitation); Con Dao Island, Vietnam water-supply resilience; drought-prone Pacific Island Countries; Kumar et al. riverine islands (Fraserganj, Dakshin Bedkashi)","Behavioural adaptation; dynamic feedback; socio-economic variables","Examines power and political economy in water governance","Advocates multiple voices and equity","Scenario planning; Agent-Based Modelling; System Dynamics","Understanding social norms and economic drivers","Historical and institutional system constraints","Linked to climate resilience","Socio-hydrology positioned as a novel science distinct from IWRM, CHANS, SES, hydro-sociology, and ecohydrology by treating human involvement as endogenous/internal, emphasizing two-way feedback and co-evolution, and forming a ""supra system""; adaptive governance distinguished from traditional centralized, technocratic, siloed governance and from static scenario-based models by being flexible, dynamic, participatory, and iterative under uncertainty","Multilevel; local/community-driven initiatives, national policy, regional (South Asia) cooperation, and transboundary/international river management","Review of modelling frameworks","""Adaptive governance refers to a flexible, responsive approach to managing natural resources that acknowledges environmental systems' inherent uncertainties and complexities.""","Conceptual methodological review"
"44","Akther, S., & Evans, J. (2024)","Emerging attributes of adaptive governance in the Global South","10.3389/fenvs.2024.1372157","Global South (Africa and South Asia)","Environmental governance","2003–2022","Systematic literature review (PRISMA) of 32 empirical studies","Adaptive governance literature in the Global South","2003–2022","Emergent approach to environmental governance coordinating resource management under complexity and uncertainty","Adaptive governance theory/scholarship drawing on Dietz et al. (2003), Folke et al. (2005), Olsson et al. (2007), Chaffin et al. (2014), Sharma-Wallace et al. (2018); socio-ecological systems (SES) framework; concepts of adaptive capacity, polycentricity, social learning; Global North/Global South comparative framing; ""theoretical multiplicity"" (Karpouzoglou et al., 2016) (p.01-p.02, p.04)","Supportive / advocated","Transnational donors; social movements; local leaders","Institutional mismatch; corruption; centralized bureaucracy; lack of political will","Synthesis of 32 empirical studies","Polycentricity; community involvement; monitoring; feedback; leadership","Power-sharing between organizations and communities","Fair resource sharing; accountability; downward accountability","Multi-level learning; formal and informal networks; social learning","Windows of opportunity (e.g., crises such as COVID-19)","Rigid top-down control; decision-making capture","Linked to adaptive management and adaptive co-management","Distinguished from adaptive management by emphasizing broader social contexts","Local, regional and national (multi-level)","Systematic review of 32 empirical studies","""Adaptive governance (AG) is an emergent approach to environmental governance to coordinate resource management regimes in the face of complexity and uncertainty.""","Systematic review of adaptive governance in the Global South"
"45","Spencer, M., & Alexandra, J. (2024)","Adaptive governance of large, complex ecosystems – such as the Gippsland Lakes","10.1071/RS24003","Gippsland Lakes, Australia","Coastal adaptation / Sea level rise","2024","Conceptual / discursive perspective paper (based on a paper presented at the Royal Society of Victoria, May 2023); literature-based argumentation drawing on the Gippsland Lakes as an illustrative example; no new empirical data (""Data sharing is not applicable as no new data were generated or analysed during this study"", p.4)","The governance model(s) and institutional arrangements for a large, complex social-ecological system (the Gippsland Lakes and their catchments)","Not reported","Approaches focusing on the capacity of decision-making rather than specific outcomes under deep uncertainty","Adaptive Governance Models; Dynamic Adaptive Policy Pathways (DAPP)","Supportive / advocated","Understanding interdependencies among institutions, values, and knowledge","Incremental approaches maintaining the status quo rather than transformative change","Adaptation pathway testing for sea level rise in Lakes Entrance","Monitoring critical developments and policy tipping points","Mentioned; power and politics appear via ""geopolitical polarities"", neo-liberalism, colonisation-derived institutions, institutional inertia and the call for democratic deliberation and mobilising communities, but power is not a central analytical concern","Addresses evolving societal preferences and perspectives","Monitoring; iterative revision; addressing systemic drivers of vulnerability","Integrative rather than siloed institutional structures; participatory/deliberative planning processes; institutions responsive to emerging social-ecological understanding; capacity for transformative change; arrangements that bring stakeholders together for joint decision-making (p.2-3)","Incremental status-quo strategies","Linked to Resilience Thinking and Planetary Boundaries","Distinguished from traditional predict-and-plan approaches","Multilevel (local/regional catchment scale of the Gippsland Lakes within Victorian/state and Commonwealth institutional contexts), with primary emphasis on regional/local governance","Theoretical/conceptual; argument drawing on existing literature with an illustrative regional example (Gippsland Lakes; Lakes Entrance adaptation pathway); no new empirical data","""Adaptive approaches focus on the capacities of the decision-making process rather than specific outcomes."" (p.5)","Conceptual application of Dynamic Adaptive Policy Pathways"
"46","Amrullah, Sobri, Andries, & Raniasa (2024)","Public Information Disclosure and Adaptive Governance: An Emerging Market Case","https://doi.org/10.22495/clgrv6i4p1","South Sumatra, Indonesia","Public information disclosure","2018–2020","Qualitative interviews, observation, documentation analysis, and NVivo analysis","South Sumatra Provincial Information Commission","2018–2020","Governance adapting to environmental changes and societal demands","Adaptive Governance Theory","Supportive / advocated","Technology integration; information inclusivity; integrated management systems; accessibility","Government resistance; limited accessibility; low digital literacy","South Sumatra Provincial Information Commission responding to 209 information requests","Timeliness; completeness; reliability; accuracy; communication style; ICT use","Maintaining balance of power between government and citizens","Transparency; fairness; information inclusivity","Continuous improvement; community feedback; capacity building","Government–private sector–civil society collaboration","Government resistance; fragmented information systems","Linked to accountability and public participation","Distinguished from static governance arrangements","Provincial / Local","Qualitative case study","""Adaptive governance recognizes the complexities and dynamics of a changing environment."" (p.9)","Empirical governance study of public information disclosure"
"47","Herrera Leal J.F.; Zielinski S.; Milanes C.B. (2024)","Community-Based Adaptive Governance Model for Colombian Tourist Beaches: The Case of Playa Blanca in Santa Marta, Colombia","10.3390/w16233487","Colombia; Playa Blanca, Punta Gaira/Gaira township, El Rodadero, District of Santa Marta, Department of Magdalena, Colombian Caribbean coast","Marine-coastal governance / Beach ecosystems","2024","Qualitative social research methodology; content analysis as primary technique; three-stage design (theoretical argumentation, model design, implementation/validation); DPSIR model; ASAS procedure; two expert panels (15 national/international experts); eight community workshops, assemblies and committee meetings; Interest-Power Matrix; two surveys (survey 1: n=500 tourists/community, random sampling, ~98% confidence; survey 2: n=85 of 202 registered beach workers, 95% confidence, 8% margin)","The Playa Blanca tourist beach socio-ecosystem as a single case; the GABCO-PLAYTUR adaptive governance model; key stakeholders/actors (community/tourism service providers, institutions, private enterprises) and their integration in decision-making","Empirical observation spans 2008-2024, with model application/validation focused on 2020-2024 and baseline comparison to 2008; ICZM program observed 2008-2010, stagnation 2015-2020","Defines its own construct: ""the term Adaptive Governance Based on Tourist Beach Communities (GABCO-PLAYTUR) is defined ... as a decision-making process regarding the socioecosystem of tourist beaches. This process integrates management approaches, scientific findings, and the active participation of institutions, communities, and public and private enterprises, all aimed at ensuring the sustainability of the ecosystem and enhancing the quality of life of coastal communities"" (p.13); adds ""GABCO-PLAYTUR is a flexible and adaptive model grounded in scientific principles and citizen participation"" (p.13); described as needed to ""enable integrated, rapid, and flexible responses"" (p.24)","Integrated coastal zone management (ICZM); sustainable development (environmental sustainability, economic prosperity, social cohesion, social inclusion, governance); marine-coastal governance; macro-meso-micro social levels of analysis; DPSIR (Driving Forces-Pressure-State-Impact-Response) framework; ASAS procedure; social capital theory; Mindsponge theory (Discussion)","Supportive / advocated","Participation; leadership; integration platforms","Complex marine governance systems","Empirical case of Playa Blanca 2008-2024: implementation and validation of GABCO-PLAYTUR; organized beach community with board of directors, community leader and Playa Blanca Oversight Committee (veedura); 24 hearings/year, ten community assemblies; increased stakeholder participation (166% increase); collaboration between community and private enterprise; attainment/retention of Blue Flag certification; beach zoning, solid waste and risk management systems; documented progress-stagnation-regression trajectory across phases","Model operationalized via 5 steps, 5 dimensions, 17 guidelines, and 22 indicators of observed changes (Appendix A); ASAS four stages (Alignment, Synchronization, Harmonization, Solidarity); DPSIR framework; Interest-Power Matrix (high 60-100, medium 50-59, low <50); nominal scales (low/medium/high) and progress/stagnation/regression scale; governance survey indicators (policies implemented, community participation, beach cleanliness rating, compliance with coastal regulations; Tables 1-2)","Discusses power distribution","Transparency; community participation","Learning; adaptive incentives","Spaces for agreement and integration","Governance complexity; lack of transparency","Linked to Integrated Coastal Management and Governmentality","Distinguished from passive governance concepts","National, international, and local","Mixed: single in-depth case study with empirical survey and participatory data, combined with theoretical/conceptual model development grounded in literature review","""Adaptive governance seeks to guide decision makers and citizens toward sustainable management.""","Empirical single-case study (Playa Blanca) plus conceptual model-building; adaptive governance is the dominant analytical frame (the GABCO-PLAYTUR ""adaptive governance model""), so retained despite coastal/ecological subject matter; strongly normative/advocacy tone toward its own model; data availability limited (derived from an ""undefended doctoral dissertation""); page numbers cited from MDPI ""x of 36"" pagination"
"48","Nikkanen, M., Räsänen, A., & Juhola, S. (2024)","Adaptive governance of disaster preparedness? The case of regional networks in Finland","https://doi.org/10.1016/j.ijdrr.2024.104549","Finland","Disaster preparedness","2024","Qualitative directed content analysis of interview data","Regional preparedness network model","Interviews carried out in 2021 and 2022; interviewees reflect on network operation over preceding years (e.g., EKTURVA since 2011)","Political, social, economic, and administrative systems promoting resilience through collaborative, flexible, and learning-based management across scales","Adaptive Governance (Folke; Chaffin et al.)","Neutral / analytical","Networking; peer learning; nested multilevel cooperation","Voluntary participation; unclear responsibilities; citizen exclusion","Finnish regional preparedness networks","13 adaptive governance features including collaboration, learning, flexibility, polycentricity, experimentation","Mentioned; the paper cites Cleaver and Whaley's critique that AG is ""fundamentally optimistic about reaching consensus between different interests and not paying attention to power structures"" and notes networks reflect a naive assumption of finding common solutions, but power/politics is not the central analytical concern; notes some threats are ""non-political"" while immigration/school violence cause disagreement","Citizen exclusion noted as limiting effectiveness","Multiple-loop learning; reflexive checkpoints; decentralized decision-making","Cross-scale governance; decentralized decision-making","Ambiguous division of responsibilities","Linked to Resilience Thinking and Comprehensive Security","Distinguished from predict-and-control governance","Regional and national","Empirical qualitative interviews","""Regional networks embody many features of adaptive governance..."" (p.4)","Empirical study of Finnish preparedness networks"
"49","Kirschner et al. (2024)","Governance drivers hinder and support a paradigm shift in wildfire risk management in Italy","10.1007/s10113-023-02174-4","Mediterranean Europe (Italy, Spain, Portugal)","Wildfire management / Forest governance","2018–2021","Participatory case studies and simulation modelling","Wildfire governance strategies","Not reported","Not explicitly defined; linked to adaptive governance of social-ecological systems","Adaptive Governance; Socioecological Pathology","Supportive / advocated","Participatory processes; democratic strategy development; collaboration","Failures of political decentralization; fragmented governance","Sardinia wildfire exposure assessments; Montseny participatory governance","Democratization; institutional fit","Discusses decentralization failures","Democratization and local participation","Simulation modelling; participatory knowledge integration","Collaboration across fragmented governance systems","Fragmented governance and media framing","Linked to ecological pathology and institutional fit","Not reported","Local and regional","Participatory case studies and simulation modelling","Not reported","Comparative wildfire governance study"
"50","Morriss (2024)","Credible Commitments, Adaptability, and Conservation Easements","Not reported","USA (Texas, South Dakota, Montana, Colorado) and international financial centres","Conservation easements; Land preservation","2024","Legal and economic analysis","Conservation easements","Not reported","No explicit definition reported","Hayekian evolutionary theory; Austrian Economics (Kirzner); Credible Commitments","Supportive / advocated","Entrepreneurial discovery; jurisdictional competition","Permanent (""dead hand"") conservation restrictions; inability to adapt conservation goals","Proposed amendments to conservation easements responding to ecological and social change","Environmental Rule in Hastings-Bass doctrine","Critiques legislation shaped by contingent political interests","Fiduciary obligations; distributive justice","Course corrections; entrepreneurial adaptation; use of dispersed knowledge","State-level regulatory systems; legal mechanisms supporting long-term adaptation","Perpetuity requirements governing charitable conservation easements","Adaptation; Conservation","Not explicitly distinguished","State; National; International","Legal and economic theoretical analysis","""Perhaps the greatest gift we can give... is the power and flexibility to adapt the world we have created...""","Conceptual legal analysis of adaptive mechanisms in conservation easements"
"51","Clement et al. (2024)","To burn or not to burn: governance of wildfires in Australia","https://doi.org/10.5751/ES-14801-290108","Australia; Western Australia; Point Henry Peninsula (the Peninsula) in the Great Southern Region; Shire of Jerramungup; near Bremer Bay; adjoining Fitzgerald River National Park / Fitzgerald Biosphere (p.1, Study Area Background)","Wildfire governance","Case events span 2002 (burnover) and 2012 (FRNP fire / ""indefensible"" declaration) through the policy process commencing 2013; DFES-funded positions 2013-2019; ecological assessment 2015; firebreak notice phased 2016-2019; survey July 2018; research project December 2018; references longitudinal burn data 1953-2005 (Study Area Background; Methods)","Qualitative single-case study using mixed methods; data sources: planning/policy documents, site visits, 21 semi-structured key stakeholder interviews (14 government/expert actors, 7 landowners) analyzed via thematic analysis, qualitative social network analysis, and a landowner attitudinal survey (104/180 respondents, 59%); snowball sampling (Methods, p.5-6)","A single local wildfire governance process/case: the emergent wildfire risk management planning process on the Point Henry Peninsula, its policy network, actors, and landowners (Methods; Results)","Empirical observation focused on the policy process from 2013 to 2019, with primary data collection (interviews, site visits, survey) in 2018; research project led December 2018 (Methods, p.5)","Not explicitly defined; adaptive governance presented as a reform strategy","Adaptive Governance; Resilience Thinking","Supportive / advocated","Policy entrepreneurs; institutional work","Reduced effectiveness of traditional management under extreme conditions","Southwest Australia wildfire management","Programme evaluation; preparedness; resilience indices","Central analytical concern; the paper analyzes power/politics through rigidity traps, path dependency, top-down state mandates and burning targets, devolution of responsibility, ""shared responsibility"" used to diffuse blame (Lukasiewicz et al. 2017), policy networks, entrepreneurial leadership, and the framing of problems shaping outcomes (Introduction; Discussion)","Addresses social vulnerability","Shared responsibility; institutional learning","Institutional work supporting biodiversity and fire management","Increasing extreme environmental conditions","Linked to transformative governance and adaptive co-management","AG is framed as integrating resilience principles into governance and as encompassing a ""family"" of governance models; distinguished from a narrow, technical, top-down hazard-reduction approach (""walled off"" from other considerations) and from command-and-control styles; resilience is broadened beyond mere recovery to include adaptation and transformation, which is ""central to AG"" (p.2); AG favors decentralization, flexibility, reflexivity, polycentric multi-scale networks rather than prescriptive top-down mandates; the case is noted as ""a departure from the ideal forms of AG"" (Conclusion)","Multilevel","Empirical case study evidence (mixed-methods: qualitative interviews, documents, site visits, and a landowner survey) contextualized against AG theory; single-case design with acknowledged limits on generalizability (Methods; Discussion)","""Here, we describe a case study where features of adaptive governance emerged organically from a dedicated planning process for wildfire governance in Australia"" (Abstract, p.1); ""moving toward AG generally requires selforganizing networks of local actors, entrepreneurial leadership, and some level of autonomy for environmental managers on the ground (Clement et al. 2016a)"" (p.3); ""the policy process that evolved reflects many of the attributes of AG"" (Conclusion, p.13)","Empirical single-case study (not conceptual), with AG as the dominant analytical frame - clearly meets inclusion criteria; published in Ecology and Society, peer-reviewed research article; strong normative advocacy for AG while candidly noting fragility and that the case falls short of ""ideal"" AG; page numbers limited (article printed as Ecology and Society 29(1):8), so section headings used for citation. AG emerged organically rather than being intentionally designed. Note apparent OCR artifacts in original text (e.g., ""12 years"" for what reads as 1-2 years; garbled diacritics in references)."
"52","Adams et al. (2024)","Realising transformative agendas in cities through mainstreaming urban nature-based solutions","10.1016/j.ufug.2023.128160","Metropolitan Melbourne, Australia","Urban forestry / Nature-based solutions","2012–2032","Qualitative empirical case study","Urban forestry governance","2012–2032","Not explicitly defined; linked to embedding novel thinking into governance and practice","Adaptive Governance; Sustainability Transitions; Institutional Change","Supportive / advocated","Intermediaries; knowledge co-production; innovation spaces","Policy fragmentation; scale mismatches","Living Melbourne strategy","Mainstreaming mechanisms and drivers","Not reported","Addresses biodiversity conservation","Transformative learning; scaling-up","Governance intermediaries","Scale mismatches; mainstreaming paradox","Linked to climate adaptation and urban transformation","Not reported","City / Metropolitan","Empirical urban governance case study","Not reported","Urban nature-based solutions governance study"
"53","Rubin et al. (2024)","Transboundary Aquifer Management Across the Americas: Hydro-Diplomacy as an Accelerator of Adaptive Groundwater Governance Amid Climate Change Challenges","10.3390/w16213117","Global","Water resources governance / IWRM","2024","Review and indicator assessment","Transboundary river basins","Not reported","Not explicitly defined; linked to learning-based governance and Governing the Commons","Integrated Water Resources Management (IWRM); SES Framework","Supportive / advocated","Stakeholder management; operational cooperation arrangements","Groundwater politics; overexploitation","SDG Indicator 6.5.2 operational arrangements","SDG Indicator 6.5.2","Discusses power in transboundary cooperation","Not reported","Conflict management; operational cooperation","Legally binding operational arrangements","Extractivism; groundwater politics","Linked to water diplomacy and resilience","Not reported","International / Transboundary","Indicator assessment and transboundary analysis","Not reported","Review of transboundary water governance"
"54","Islam, M. T., & Chadee, D. (2024)","Adaptive governance and resilience of global value chains: A framework for sustaining the performance of developing-country suppliers during exogenous shocks","10.1016/j.ibusrev.2023.102248","Developing country context","International business / Global value chains","2024","Two-stage Structural Equation Modelling (SEM)","The supplier firm; specifically developing-country (Bangladeshi) suppliers embedded in apparel GVCs (firm-level responses from top management team members)","Post-COVID-19","Hybrid governance combining contractual and relational governance","Composition-based view (CBV) of the firm (Luo & Child, 2015) as the overarching lens; contrasted with resource-based view (RBV) and transaction cost economics (TCE); GVC governance literature (contractual vs relational governance); resilience literature; adaptive governance concept drawn from Gallopin (2006) and Holling (1978)","Supportive / advocated","Resource reconfiguration; disruption orientation","Global value chain disruptions","Statistical testing of governance variables","Contractual governance and relational governance scales","Addresses inter-firm power asymmetry","Fair sharing of resources","Resource reconfiguration","Contractual and relational governance working together","Viewing contractual and relational governance as trade-offs","Linked to resilience and firm performance","AG is distinguished as a hybrid/composite that transcends the conventional treatment of contractual and relational governance as ""discrete and mutually exclusive"" modes; unlike pure contractual (rigid) or pure relational (flexible) governance, AG holds both coexisting and mutually reinforcing; AG is positioned as an antecedent distinct from resilience (which is the mediating capability/outcome), so AG alone is insufficient without resilience; CBV distinguished from RBV/TCE as better able to explain coexistence of the two governance forms","Inter-firm / Micro-level","Structural Equation Modelling","""Adaptive governance... where contractual and relational norms and rules of exchange co-exist and reinforce each other."" (p.6)","Quantitative study of adaptive governance in supply chains"
"55","Morgan, M., et al. (2023)","Adaptive governance strategies to address wildfire and watershed resilience in New Mexico's Upper Rio Grande watershed","1268","","Wildfire and watershed resilience","2011 (Las Conchas fire) to 2022; forward-looking to 2034 (600,000-acre restoration goal) and next 50 years of climate projections","Case study informed by systematic review of empirical studies","Rio Grande Water Fund (RGWF)","Empirical observations of the RGWF from its founding context (2011 Las Conchas fire) and formal creation (2014 charter) through 2021-2022 (accomplishments reported through 2021/2022)","Regulatory processes, mechanisms, and organizations through which actors influence actions and outcomes","Adaptive Governance; Resilience Thinking","Supportive / advocated","Meaningful collaboration; coordination; social capital; community empowerment; capacity development; leadership","Surface-level adoption of isolated governance strategies","Rio Grande Water Fund","Ten key adaptive governance characteristics operationalized in Table 1 as diagnostic questions: (1) meaningful collaboration across actors and scales; (2) effective coordination between stakeholders and levels; (3) building social capital; (4) community empowerment and engagement; (5) capacity development; (6) linking knowledge and decision-making through data collection/monitoring; (7) promoting leadership capacity; (8) exploiting or creating governance opportunities; (9) maintaining legitimacy; (10) strong organizational identity; RGWF's own three metrics: dollars raised, acres treated, number of signatories; grouped into four themes","Mentioned; power discussed via characteristic of ""uneven power dynamics acknowledged and addressed"" (Table 1, social capital) and power sharing within legitimacy; politics of prescribed burning noted as a challenge; not a central analytical concern","Inclusive participation; community engagement","Iterative learning; monitoring; knowledge integration","Stakeholder coordination and multi-actor participation","Traditional governance approaches","Linked to resilience and sustainability","Distinguished from traditional governance through flexibility and responsiveness","Multilevel; spans local, tribal, state, and federal actors coordinated at the watershed scale, with links to national policy (Infrastructure Investment and Jobs Act, USFS strategy)","Case study and systematic review of 81 empirical cases","""Adaptive governance places an emphasis on... flexibility, resilience, and responsiveness to change."" (p.3)","Empirical watershed governance case study"
"56","Li, Z., Yarime, M., & Wu, X. (2023)","Policy designs for adaptive governance of disruptive technologies: the case of facial recognition technology (FRT) in China","https://doi.org/10.1080/25741292.2022.2162248","China","Disruptive technologies / Facial Recognition Technology (FRT)","2023","Case study analysis of FRT policy development and deployment","Policy design for disruptive technologies","Empirical material spans approximately 2011-2022 (patent counts 2011-2021; regulatory timeline through July 2022; market data 2021); searches conducted August 2022 (p.30 footnote)","Framework for managing uncertainties associated with the development and use of disruptive technologies","Adaptive governance framework (applied to disruptive technologies); disruptive technology concept; policy design; supporting concepts of regulatory sandbox, policy mix, and polycentric/stakeholder governance","Supportive / advocated","Regulatory sandboxes; soft standards and hard laws; mandatory risk disclosure","Strict regulation; unintended consequences; technological uncertainty","China's parallel standards-and-law approach to FRT regulation","Collaboration scope; participation breadth; stakeholder representation","Addresses regulatory capture and representation","Public deliberation and participation in public uses","Regulatory sandboxes; stakeholder engagement; user feedback collection","Public deliberation; accessible feedback platforms","Reliance on traditional regulation; limited collaboration and participation","Linked to AI applications and big data technologies","AG distinguished from conventional regulatory approaches: unlike static regulation it emphasizes flexibility, learning, balancing risks and benefits, stakeholder cooperation and participation, and adapting to different stages of technology development; regulation alone becomes outdated and can over- or under-regulate, whereas AG maintains flexibility to cope with uncertainty (pp.29-30, 35)","National and local","Qualitative synthesis of policy responses","""Adaptive governance can provide an important framework for resolving these issues..."" (p.37)","Case study of adaptive governance for disruptive technologies"
"57","Ford, Z. E., Jackson, S., Bino, G., Brandis, K. J., & Kingsford, R. T. (2023)","Scale, evidence, and community participation matter: Lessons in effective and legitimate adaptive governance from decision making for Menindee Lakes in Australia's Murray–Darling Basin","https://doi.org/10.5751/ES-13594-280115","Menindee Lakes, Australia","Water governance / Wetland sustainability","1880-2019 rainfall/flows (139 yrs); waterbird surveys 1983-2019; three development phases (pre-development 1881-1959; development 1960-2008; water recovery 2009-2020); policy events 1990s to project suspension late 2021.","Mixed-methods study combining quantitative social-ecological analysis and qualitative stakeholder analysis","Menindee Lakes governance system","Rainfall/flow 1880/1881-2019 (hindcast to 1883); waterbirds 1983-2019; documents up to business case (2017); community interviews/survey conducted for study; project suspended late 2021.","Flexible governance systems supported by legitimacy in decision-making","Adaptive Water Governance","Supportive / advocated","Community dialogue; information exchange; transparency; scientific rigour","Spatial governance mismatch; top-down governance; technocratic approaches","Assessment of the New South Wales ""water savings"" project","Stakeholder perceptions; ecological sustainability","Critiques top-down governance and basin-scale political priorities","Focuses on local communities and Traditional Owners","Community dialogue; information exchange; scientific evidence","Administrative transparency and accountability; accessible documentation/free information; inclusion of community dialogue and local knowledge; flexible governance matched to biophysical scale; recognition of native title/Indigenous rights; multilevel arrangements coordinating government and non-government actors; peer-reviewed evidence and independent expertise.","Basin-scale objectives overriding local environmental sustainability","Linked to social-ecological complexity","Not reported","State and basin level","Mixed-methods empirical analysis","""Accounting for this complexity requires flexible adaptive governance systems supported by legitimacy in decision-making processes."" (p.1)","Empirical evaluation of adaptive water governance"
"58","Pollard, S. R., Riddell, E., du Toit, D. R., Retief, D. C., & Ison, R. L. (2023)","Toward adaptive water governance: The role of systemic feedbacks for learning and adaptation in the eastern transboundary rivers of South Africa","https://doi.org/10.5751/ES-13726-280147","Eastern transboundary rivers, South Africa","Water resources governance","1998–2023","Longitudinal evaluative exploration of three case studies","Water governance experiments / River basins","Approximately two decades","Flexible and learning-based collaboration and decision-making involving state and non-state actors across multiple levels","Integrated Water Resources Management (IWRM); Adaptive Water Governance","Supportive / advocated","Systemic feedbacks; action learning; meta-governance; shared vision","Institutional hierarchies; legacy institutional complexity","Crocodile Basin governance platforms","Systemic understanding; governance praxis; strategy; multi-scale networks","Addresses institutional hierarchies","Promotes equitable, decentralized stakeholder-centred governance","Collaborative experimentation; systemic feedbacks; action learning","Meta-governance arrangements embedding learning","Legacy institutional hierarchies","Linked to resilience and social-ecological systems","Distinguished through reconciliation of AWG and IWRM","Multi-level","Longitudinal evaluative case studies","""Adaptive governance [is] flexible and learning-based collaborations and decision-making processes..."" (p.6)","Longitudinal study of adaptive water governance"
"59","Stahl, A. T., & Fremier, A. K. (2023)","Translatability of water governance experiments across settings and scales","https://doi.org/10.5751/ES-13965-280142","Washington State, USA","Water governance / Riverside management","2023","Case study integrated with literature review","Governance experiments and policy approaches","Contemporary","Adaptive governance requires institutional capacity to coordinate responses at appropriate scales and utilize information-sharing networks","Adaptive Governance","Supportive / advocated","Cross-sector goals; quantified relationships; mapping strategies","Spatially variable landscapes; trade-offs across sites","Washington State riverside governance experiments","Spatial mapping of policy footprints","Addresses multiple nested governments and diverse stakeholders","Mentioned; emphasis on legitimacy (""balance interests with legitimacy across levels and scales""; Cosens 2013); social acceptability (top-down regulation ""may not always be socially preferred""); inclusion of local/traditional ecological knowledge (TEK), Tribes/First Nations, and ""more inclusive, bottom-up governance""; equity/justice not deeply theorized","Cross-scale coordination; information-sharing networks","Leveraging ecological and institutional relationships","Complex multi-level land-use decision-making","Linked to social-ecological settings and governance translatability","Frames ""translatability"" as a subset of adaptive governance concepts that is ""commonly discussed in the literature but... not often the central focus""; distinguishes it as the intentional, systematic adaptation and application of successful experiments across settings/scales (vs. case-by-case learning); positions AG's networked/polycentric/social-learning processes as the vehicle for translation, adding a biophysical-science perspective on spatiotemporal fit rather than sharply demarcating AG from related terms","Nested multi-level governance","Case study and literature review","""Adaptive governance requires institutional capacity to coordinate responses..."" (p.1)","Case study of governance translatability across scales"
"60","Akamani, K. (2023)","The Roles of Adaptive Water Governance in Enhancing the Transition towards Ecosystem-Based Adaptation","10.3390/w15132341","Global (including Europe and Wallasea Island, UK)","Water resource systems / Climate change adaptation","2023","Literature review supported by global case studies","Institutional requirements for Ecosystem-Based Adaptation (EbA)","Not reported (no defined empirical observation window; secondary synthesis of published case studies)","Institutional structures and decision-making processes connecting actors across multiple scales to manage conflicting values and uncertainty","Adaptive Governance; Ecosystem-Based Adaptation (EbA)","Supportive / advocated","Social learning; incentives; vertical and horizontal interactions","Conflicting stakeholder values; uncertainty in ecosystem management","Wallasea Island Ecosystem-Based Adaptation case","Analytic deliberation; nested institutions; institutional variety","Addresses conflicting values and fair agreement-building","Promotes social equity","Awareness building; incentives; interaction; capacity building","Institutional diversity across state, private and community actors","Reliance on a single institutional approach","Linked to transformative governance and transitions","Positioned as a mechanism for achieving transformative governance","Multi-level","Literature synthesis with supporting case studies","""Adaptive governance... refers to institutional structures and decision-making processes that connect actors across multiple scales..."" (p.3)","Conceptual review linking adaptive governance and Ecosystem-Based Adaptation"
"61","Banerjee & Mohapatra (2023)","Managing Disasters in a Compounding Scenario: A Case of Adaptive Governance in the State of Odisha, India","10.18848/1835-7156/CGP/V16I01/107-129","Odisha, India (Kendrapara and Ganjam districts)","Disaster management","1999–2021","Qualitative study using process tracing, desk review and stakeholder discussions","Government of Odisha disaster management model","Fieldwork conducted in March 2023","Adaptive governance is a spectrum of engagements involving individuals, networks, groups and institutions striving toward preferred conditions within social-ecological systems","Adaptive Governance; Socio-ecological Systems; Disaster Governance","Supportive / advocated","Political leadership; learning from traumatic disasters; institutional commitment","Resource limitations; technical constraints; compounding disasters (pandemic + cyclone)","Evacuation of one million people during Cyclone Phailin; SATARK mobile application","Decentralized institutions; stakeholder cooperation; self-organization; learning and innovation","Strong political leadership transformed governance practices","Shared vision that ""every life is precious""","Knowledge networks; information sharing; risk-informed programming","OSDMA; polycentric and multi-layered disaster institutions","Highly bureaucratic government structures","Resilience; Polycentric governance; Compounding disasters","Defined as a spectrum of engagements toward preferred SES conditions","Multi-level (State to Panchayat)","21 interviews and 12 focus group discussions","""The first key lesson from Odisha's disaster management model is that the deaths can be reduced... if the system is innovatively aligned with the vision of 'every life is precious.'""","Empirical disaster governance case demonstrating adaptive governance in Odisha"
"62","Datta et al. (2022)","Big events, little change: Extreme climatic events have no region-wide effect on Great Barrier Reef governance","10.1016/j.jenvman.2022.115809","Great Barrier Reef, Australia","Environmental governance; Coral reef management","2012–2019","Longitudinal social network analysis (SNA) using governance forum and document-based data","Governance forums and participating organizations (451 organizations; 145 forums)","2012–2019","Approaches allowing actors to realize democratic ideals, address problems across multiple levels, and experiment and adjust approaches to navigate ongoing change and deliver equitable outcomes","Social Network Science; Ecology of Games Theory (Polycentricity)","Neutral / analytical","Extreme climatic events as windows of opportunity; inclusive participation","Limited governance change after extreme events; difficulty addressing global drivers; slow institutional adaptation","Creation of event-related governance forums focused on restoration and adaptation after bleaching events","Governance forum frequency; participation; actor centrality and influence","Examines shifts in influence among actor groups and agenda setting","Assesses inclusivity and potential inequities among participating actors","Self-organization; information exchange; collaborative decision-making; experimentation; multi-level coordination","Federal–state agreements; Reef 2050 Plan","Jurisdictional boundaries; persistence of established actor influence","Linked to ecosystem-based management; climate adaptation; climate mitigation","Does not offer an explicit conceptual demarcation of AG from related concepts; treats AG as an overarching normative regime type (with aims of inclusive participation, multi-level fit, and equitable outcomes) that GBR governance exemplifies, and uses forum/network (ecology of games) methods and resilience/ecosystem-based management as related tools and outcomes rather than synonyms","Multi-level (local, state, federal, international)","Quantitative social network metrics derived from archival governance records","""Adaptive governance research focuses on supporting approaches that allow actors to realize democratic ideals..."" (p.7)","Longitudinal governance network analysis of the Great Barrier Reef"
"63","Nixon et al. (2022)","Social influence shapes adaptive water governance: Empirical evidence from northwestern Pakistan","10.5751/ES-13546-270337","Northwestern Pakistan (Khyber Pakhtunkhwa)","Water governance; Rural livelihoods; Agriculture","2009–2019","Household survey (n=448), Principal Component Analysis (PCA), and Binomial Logistic Regression","Households and household heads","Ten-year period preceding the 2019 survey","Flexible, learning-based approach to ecosystem management based on multi-scalar collaboration among diverse institutional networks","Social-Ecological Systems; Household Adaptive Capacity; Social Influence Theory","Supportive / advocated","Multi-scalar collaboration; public participation; social learning; trust; social influence","Top-down governance; socio-cultural mismatch; cross-scale conflict; financial, labour, and time constraints","Household adaptation strategies including crop diversification and water supply changes","Participation; trust; adoption of adaptation strategies","Examines community leadership, family influence, and political-economic constraints","Addresses capital disparities and integration of diverse values","Collaboration; participation; social learning; cross-sector coordination","Inclusion of informal leaders; alignment with existing social institutions","Centralized governance; sectoral silos","Linked to resilience; climate adaptation; polycentric governance","Distinguished by responsiveness to local social-ecological contexts and feedback processes","Household, community, regional, national","Quantitative household survey and statistical modelling","""Adaptive water governance draws on the principles of adaptive governance broadly..."" (p.91)","Quantitative empirical study of adaptive water governance in Pakistan"
"64","Ebel, Burnham & Reynolds (2023)","Examining the Conditions that Activate Linking Social Capital to Transition Environmental Governance: Empirical Insights from Chile's Coast","10.1007/s10113-022-01992-2","Southern Chile (Ancud and Carelmapu)","Marine resources; Small-scale fisheries","2016–2020","Mixed methods (longitudinal ethnography and structured survey)","Individuals and groups in small-scale fishing communities","2016–2020","Adaptive governance is governance that manages uncertainty and conflicts through coordination among actors","Social Capital (Bourdieu); Adaptive Capacity","Neutral / analytical","Leadership; shared vision; cooperation; linking social capital","Intra-community conflict; struggles over power; competing identities","Multi-stakeholder Management Committee in Ancud","Joining new associations; adaptation plans; behavioural change","Environmental change creates struggles over power, knowledge and governance","Just transformations recognising diverse actors and objectives","Activation of linking social capital between communities and formal institutions","Political reforms (FAL amendment 2013) opening policy windows","Community conflict preventing governance transition","Adaptation; SES resilience; Collective action","Not explicitly distinguished","Multilevel (local fishing unions/Indigenous communities linking vertically to national confederations, state/government officials, and universities); comparison at the local/community level within a national policy context","Statistical analysis (n = 68) and over 800 hours of ethnographic observation","""Leadership, shared visions, and a culture of cooperation underpin successful governance transitions, while intra-community conflict inhibits transitions even when linking social capital is present.""","Mixed-method empirical study of adaptive environmental governance in Chilean fisheries"
"65","Wyborn et al. (2023)","The politics of adaptive governance: Water reform, climate change, and First Nations' justice in Australia's Murray–Darling Basin","10.5751/ES-13641-280104","Murray–Darling Basin, Australia","Water governance; Public policy reform","2004–2021","Qualitative thematic and deductive coding of 558 recommendations from 34 reviews and inquiries","Policy recommendations from reviews and inquiries","2004–2021","Umbrella concept incorporating emergent, collaborative, and polycentric approaches that build resilience in uncertain contexts and adapt to emerging threats and new information","Polycentric Spectrum; Environmental Problem-Solving Discourses","Mixed","Polycentric arrangements; iterative statutory reviews; First Nations leadership; experimental learning","Hierarchical governance; power asymmetries; marginalization of First Nations; political use of uncertainty","Statutory reviews under the Water Act (2007); increasing First Nations representation on management boards","Polycentric spectrum; problem-solving discourses","Central analytical concern examining state power and technocratic elites","First Nations justice; redistribution of water rights; decolonization","Reflection and learning; multi-level collaboration; deliberative processes","Legislative requirements for science and Indigenous values; statutory review mechanisms","Marketized allocation regimes; bureaucratic rules; state–federal tensions","Linked to polycentricity; resilience; transformation; water justice","Distinguished from transformation by emphasizing that transformation requires challenging embedded power structures","Multi-level (local, regional, state, national)","Qualitative coding of inquiry reports","""We argue that the reform agenda needs to be directed away from governments as the sole agents of change..."" (p.203)","Critical policy analysis of adaptive water governance"
"66","Zhang (2023)","Land use and adaptive governance under climate change: Analysis of four cases in pastoral areas of China","10.3389/fenvs.2023.922417","Inner Mongolia and Qinghai Province, China","Land use; Grassland conservation; Animal husbandry","1961–2021","Comparative case studies using household surveys, interviews, focus groups, and meteorological analysis","Villages and households","1961–2021","Collaborative, flexible, and learning-oriented management across multiple scales forming political, social, economic, and administrative systems for resource development, management, and allocation","Three-layer Adaptive Governance Model; Risk Management Mechanisms","Supportive / advocated","Seasonal livestock mobility; community self-organization; local ecological knowledge; NGO support","Grassland privatization; fencing; dependency on relief; limited coordination capacity","Village cooperatives; collective fence removal; tribal and religious disaster-relief networks","Flexibility; experimentation; social memory; collaboration; polycentric institutions","Examines tensions between community initiatives and top-down government policies","Addresses inequalities created by disaster relief and promotes trust-building","Collective deliberation; experimentation; multi-level coordination; stakeholder participation","Grassroots organizations; village cooperatives","Grassland Household Contract System; individualized property rights; fencing","Linked to resilience; vulnerability; adaptive capacity","Not explicitly distinguished","Individual, community, local government, state","Mixed-methods evidence from qualitative and quantitative data","""Adaptive governance... emphasizes the participation and cooperation of multiple stakeholders..."" (p.370)","Mixed-methods comparative study of pastoral governance in China"
"67","Mourby et al. (2022)","Biomodifying the 'natural': From Adaptive Regulation to Adaptive Societal Governance","10.1093/jlb/lsac018","United Kingdom; European Union","Medicine; Biotechnology; Life sciences","2017–2021","Interdisciplinary socio-legal research, case studies, and conceptual model development","Foundational legal and societal concepts (nature, donor, identity, product)","Not explicitly reported","Governance informed by social learning through self-organizing networks representing diverse social perspectives beyond conventional regulatory discourse","Adaptive Societal Governance (ASG); Global Observatory Model; Ontological Surgery","Supportive / advocated","Self-organizing scholarly networks; open-access digital platforms; multi-modal social analysis","Disconnect between law and societal understanding; limitations of existing institutions; difficulty identifying stakeholders","Global Observatory on Genome Editing","Alignment between legal categories and evolving societal concepts","Examines legitimacy of state-centred regulation versus broader societal participation","Addresses ethics, discrimination risks, and legitimacy of biotechnology governance","Social learning; conceptual monitoring; self-organizing networks","Interdisciplinary networks; transnational regulatory procedures","State-centred routines; rigid legal categories","Linked to Adaptive Regulation","Distinguished by emphasizing broad social learning rather than regulation directed toward specific behavioural outcomes","Transnational, national, global","Interdisciplinary socio-legal synthesis and case studies","""Where such foundational concepts are rendered uncertain... the Global Observatory model is a good starting point..."" (p.390)","Conceptual paper proposing Adaptive Societal Governance"
"68","Frick-Trzebitzky et al. (2022)","Capacity development for water reuse in in-formal partnerships in northern Namibia","10.3389/frwa.2022.906407","Central Northern Namibia (Outapi, Okahao, Oshikuku)","Water governance; Wastewater treatment; Water reuse in agriculture","Dynamic land and water use changes over <2 decades","Living lab approach; transdisciplinary genealogical analysis; semi-structured interviews (N=24); document analysis; site visits","Wastewater treatment plant partnerships (WWTPPs); municipal/local governments","2017–2019/2021","Ability of governance approaches to adjust to change through flexible networks enabling knowledge co-production","Meta-governance; Informal networks and municipal cooperation; Learning in adaptive water governance","Neutral / analytical","Semi-formal knowledge networks; transdisciplinary research; translocal and North–South collaboration","Lack of coordination; consultancy dependency; resistance to water reuse","Wastewater treatment plant partnerships for knowledge and resource sharing","Technical, regulatory, adaptive and integrative capacities; knowledge exchange formats","Examines power asymmetries and consultancy dependency","Integrative governance capacities; social-ecological impact assessment","Knowledge co-production; joint procurement; flexible information exchange; social and technical learning","Decentralization; flexible federal governance arrangements","Centralized governance; limited local budget authority; reliance on consultants","Linked to meta-governance; social-ecological transformation; polycentrism; multi-level governance","Distinguished by adjustment to change through flexible co-productive networks rather than fixed institutions","Local, Regional, National, Transnational","Qualitative evidence from interviews, field notes, meeting minutes and site visits","""Ability of governance approaches to adjust to change...""","Living lab study of adaptive water governance in Namibia"
"70","Sainz-Santamaria & Martinez-Cruz (2022)","Adaptive governance of urban green spaces across Latin America – Insights amid COVID-19","10.1016/j.ufug.2022.127629","Latin America (Argentina, Colombia, Ecuador, Guatemala, Peru, Mexico)","Urban green space management; Public health","COVID-19 pandemic (2020)","Qualitative content analysis of semi-structured interviews (N=18); process tracing","Urban green space managers and governance arrangements","March–October 2020","Decision makers flexibly applying rules, experimenting, learning and innovating during challenging times","Environmental Adaptive Governance Framework; Determinants of Operational Capacity","Supportive / advocated","Polycentric governance; dedicated management; networking; pre-existing management capacity","Political dependence; limited autonomy; inadequate budgets; lack of technical expertise; limited citizen involvement","Adaptive staffing, scheduling and decision-making during COVID-19","Flexibility; innovation; learning through piloting and monitoring","Examines tensions between bottom-up demand and top-down governance","Environmental justice; legitimacy of urban green space access","Piloting; flexible rule interpretation; innovative communication; neighbourhood monitoring","Dedicated agencies; polycentric governance; enabling policy frameworks","Weak rule of law; municipal public service management structures","Linked to resilience; multi-level governance; environmental justice","Distinguished by purposeful learning, innovation and adaptation by decision makers","Municipal, State/Provincial, National","Qualitative empirical interviews and focus groups","""Decision makers that flexibly apply rules, experiment and learn..."" (p.1)","Qualitative study of adaptive governance during COVID-19"
"72","Andriollo et al. (2021)","Collaborations in Environmental Initiatives for an Effective ""Adaptive Governance"" of Social–Ecological Systems: What Existing Literature Suggests","10.3390/su13158276","Global (predominantly Europe, Americas and Australia)","Environmental programmes; Sustainability transformations","2004–2020","Systematic literature review; quantitative classification; qualitative content analysis","56 peer-reviewed studies evaluating environmental programmes/projects","2004–2020","Interactions among actors, networks, organizations and institutions facilitating transformation toward desired social-ecological outcomes","Adaptive Governance Result Chain; Social–Ecological Systems","Supportive / advocated","Transdisciplinary approaches; participatory techniques; multi-scale actor involvement","Social-ecological complexity; stakeholder apathy; differing terminologies and worldviews","Evidence synthesized from land use, biodiversity conservation and urban community gardening","Social network metrics; quality-of-life indicators; environmental outcomes","Examines changing power relations and bottom-up autonomy","Inclusivity; impartiality; environmental justice","Learning-by-doing; participatory evaluation; self-evaluation; transdisciplinary knowledge sharing","Flexible regulations; institutional stability; innovation spaces","Top-down centralized governance; rigid institutional routines","Linked to SES; sustainability transformations; resilience","Distinguished by focusing on recognizable governance activities and attitudes addressing recurring situations","Local, Sub-national, National, International, Global","Systematic synthesis of published evaluations","""Adaptive governance reaches its effectiveness if it is fit-for-purpose..."" (p.19)","Systematic literature review of adaptive governance in SES"
"73","Paauw et al. (2022)","Adaptive Governance of River Deltas Under Accelerating Environmental Change","10.36633/ulr.803","Rhine Delta (Netherlands); Mekong Delta (Vietnam)","Delta governance; Water management; Climate change","2013–2020","Qualitative content analysis of delta management plans against nine adaptive governance principles","Dutch Delta Programme and Mekong Delta Plan","2013–2020","Framework for managing uncertainty and unpredictability in SES through flexible feedbacks between social and ecological systems","Nine Adaptive Governance Design Principles","Supportive / advocated","Funding; technology; clearly defined boundaries; participatory decision making","Hierarchical government relationships; lack of reflexive law; limited experimentation","Adaptive risk management processes within the Dutch Delta Programme","Presence and frequency of adaptive governance design principles in policy documents","Examines decentralization of authority and recognition of non-state actors","Fairness through conflict resolution and transparent enforcement","Social learning; experimentation; legal sunsets; reflexive legal standards","Legally binding authority; polycentric multi-level institutions","Top-down centralized systems; limited knowledge sharing","Linked to anticipatory governance; interactive governance; transformative governance; resilience","Distinguished from transformative governance by lower risk tolerance and incremental adaptation","Local, Regional, National, International","Qualitative policy document analysis","""Adaptive governance underlines the importance of managing resilience in SESs..."" (p.34)","Comparative policy analysis of delta governance"
"74","Yasmin et al. (2022)","Hybrid and Multi-Level Adaptive Governance for Sustainable Urban Transformations in the Global South: A Secondary City Case Study","10.3389/frwa.2022.756273","Mymensingh, Bangladesh","Urban water management; Sanitation","1893–2017","Qualitative case study; semi-structured interviews (N=36); group discussions; archival analysis","Secondary city governance regime; Pourashava municipality","1893–2017","Governance approach addressing complex socio-ecological systems through coordination and co-management","Adaptive Capacity and Attributes (ACA); Multi-Level Perspective (MLP)","Supportive / advocated","Hybrid governance; donor investment; bridging organizations","Poor coordination; donor dependency; bureaucratic delays; urban bias","Hybrid actor clusters (Town and Ward Coordination Committees)","ACA attributes: flexible structures; collaborative processes; interconnected knowledge feedback","Examines redistribution of decision-making and financial authority","Citizen charters; inclusion of women, poor and minority groups","Community participation; leadership development; bridging institutional gaps; knowledge mobilization","Pourashava Act 2009; polycentric institutional arrangements","Fragmented central agency responsibilities; lack of institutionalized bridging capacity","Linked to sustainable transitions; IWRM","Does not offer an explicit definitional demarcation; positions AG (via ACA framework) as complementary to and operationalised alongside the MLP transitions theory; distinguishes hybrid governance from traditional top-down/state-led approaches; frames AG attributes as the enabling context for delivering sustainability transitions and resilience rather than sharply separating AG from those concepts","Local, Regional, National, Transnational","Qualitative interviews and historical document analysis","""Adaptive governance recognizes the multi-layered governance structures..."" (p.2)","Historical qualitative study of urban water governance in Bangladesh"
"75","Frohlich et al. (2022)","Towards adaptive coastal management law: Lessons from Australia and Brazil","10.1016/j.ocecoaman.2022.106057","Byron Shire (Australia); Florianópolis (Brazil)","Coastal management; Coastal erosion; Environmental law","Recent legislative reforms (including NSW Coastal Management Act 2016)","Comparative case study; document analysis; inductive thematic coding of 50 semi-structured interviews","Coastal management legal arrangements and governance regimes","August 2018–September 2019","Collaboration among public and private actors facilitating cross-scale interaction, knowledge sharing and management responses at appropriate scales","Adaptive Coastal Management; Adaptive Law","Supportive / advocated","Adaptive legislation; polycentric legal mandates","Adaptive management lite; legal path dependency; uncertainty regarding joint action","NSW Coastal Management Act 2016 adaptive risk management framework","Monitoring and evaluation requirements; predefined triggers and thresholds","Examines multiple centres of authority and legal disputes","Focuses on equitable adaptation and environmental litigation","Structured iterative decision making; continuous monitoring and adjustment","Statutory iterative review; legal flexibility for stakeholders","Legal finality; lack of legal certainty for joint action","Linked to Adaptive Law; Adaptive Management; Resilience","Distinguished by positioning governance as the macro-level system, management as the micro-level process, and law as the meso-level connector","Local, State/Provincial, Federal/National","Qualitative interviews and document analysis","""Adaptive management lite..."" (p.3)","Comparative legal study of adaptive coastal governance"
"78","Izumi et al. (2022)","Managing Compound Hazards: Impact of COVID-19 and Cases of Adaptive Governance during the 2020 Kumamoto Flood in Japan","10.3390/ijerph19031188","Japan; Kumamoto Prefecture (Kuma River basin; Hitoyoshi, Yatsushiro, Kuma village, Kumamoto city, Arao, Tsunagi, Sagara); southern Japan (p.2, p.5)","Disaster management; Compound hazards; Public health","2020 Kumamoto Flood during the COVID-19 pandemic","Questionnaire survey and interviews with affected people","Evacuation centre management; affected residents; collaborative networks","Response and recovery phases of the 2020 flood","Not explicitly defined; characterized as a solution addressing complex disaster challenges through innovative and non-traditional approaches","Compound Hazards; Public–Private Partnership (PPP); Collaborative Mechanisms","Supportive / advocated","Preparedness; preventive measures; public–private partnerships; local business networks","Managing evacuation under COVID-19; balancing infection risk with disaster response; pressure on health and economic systems","Evacuation centres managed without COVID-19 outbreaks; new collaborative platforms among private organizations","Not formally operationalized with indicators or metrics; AG treated qualitatively/heuristically by labeling observed innovative, non-traditional, participatory, multi-stakeholder response practices as ""cases of adaptive governance""; no measurement dimensions or scales reported","Discusses hierarchical governmental decision-making balancing competing risks","Mentioned; note: equity/justice not central; addresses privacy at evacuation centers, protection of older adults, mental-health and income impacts, and supporting affected students/businesses; frames improving conditions to reduce ""evacuation hesitation""; legitimacy discussed only implicitly via participatory multi-stakeholder platforms (p.6-7, p.10, p.14)","Public–private collaboration; innovative evacuation protocols; collaboration among private organizations","Existing local business networks; pre-established collaborative platforms","Traditional hierarchical decision-making structures","Linked to resilience; compound hazards; volunteerism","Not explicitly distinguished","Local/Prefecture; National","Empirical questionnaire survey and interview data","""A solution that can work directly on the complex challenges during disasters...""","Empirical study of adaptive governance during compound disasters"
"79","Johns & VanNijnatten (2021)","Using indicators to assess transboundary water governance in the Great Lakes and Rio Grande-Bravo regions","10.1016/j.indic.2021.100102","Great Lakes and Rio Grande–Bravo Basins, North America","Transboundary water governance; Environmental policy","2019","Comparative case study using expert assessments and modified OECD Water Governance Indicators","Transboundary water governance regimes","2019 (cross-sectional assessment)","Management regimes that are coordinated, connected, flexible, participatory, and capable of generating knowledge and learning under uncertainty","Complexity Theory; Adaptive Governance; Institutional Analysis","Neutral / analytical","Governance indicators; polycentricity; broad participation; transboundary institutions","Entrenched institutional regimes; governance crises; limited longitudinal indicators","Pilot testing of 36 Water Governance Indicators across 12 jurisdictions","OECD 12 Principles and 36 Water Governance Indicators","Examines conflictive and cooperative dynamics in complex water systems","Mentions water justice critique of OECD principles","Learning; experimentation; polycentricity; collaborative governance; knowledge dissemination","Mature reporting and accountability regimes; binational agreements; interdisciplinary understanding","Entrenched institutional and policy regimes","Linked to resilience; sustainability; complexity theory; water security","Distinguished by coordinated, connected and flexible governance under uncertainty","Local; Basin/Regional; National; Binational/Transboundary","Expert surveys and mixed quantitative–qualitative governance indicators","""Water governance indicators... may serve as a foundation for a better integration of scholarship and practice."" (p.1)","Comparative indicator-based assessment of transboundary water governance"
"80","Winter & Karvonen (2022)","Climate governance at the fringes: Peri-urban flooding drivers and responses","10.1016/j.landusepol.2022.106124","Global (22 peri-urban areas across Africa, Asia-Pacific, Europe and South America)","Flood governance; Climate adaptation; Land-use policy","Empirical case studies from 1999-2020 (Table 1); emphasis on findings from ""the past decade""; majority (22) published since 2010; ""researched... over the past two decades"" (Conclusions)","Systematic literature review of 26 empirical case studies","Peri-urban flood governance case studies","1999–2020","Decision-making systems comprising formal and informal institutions and social networks able to adapt under uncertainty","Adaptive Governance; Urban Political Ecology; Autonomous Adaptation/Maladaptation","Supportive / advocated","Knowledge sharing; local empowerment; stakeholder inclusion; collaborative problem-solving","Weak governance mechanisms; inadequate structural measures; rapid land-use change; urban bias; maladaptation","Local empowerment initiatives in Melbourne and resilience-building in Dakar","Not reported","Examines power relations and inequalities in urbanization processes","Strong emphasis on equity and justice for marginalized peri-urban populations","Collaborative problem-solving; knowledge exchange; education; non-structural flood strategies","Community-based institutional structures; solidarity networks","Weak regulation; political and administrative boundary mismatches","Linked to resilience; autonomous adaptation; maladaptation","Distinguished by integrating social, economic and non-structural responses beyond conventional flood management","Multilevel - emphasizes household, community, private sector, local authorities, and multiscalar/multiactor networks; notes lack of national-level and international comparative studies","Systematic synthesis of empirical case studies","""The promise of developing an adaptive governance approach to peri-urban flooding..."" (p.1)","Systematic review of peri-urban flood governance"
"81","Millett et al. (2022)","iGEM and Gene Drives: A Case Study for Governance","10.1089/hs.2021.0157","Global","Biotechnology; Gene drive research; Synthetic biology","2021","Case study of the iGEM competition governance experience","iGEM governance system and gene drive research projects","Not explicitly reported","Not explicitly defined; refers to proactive and adaptive governance policies","Adaptive Risk Management","Supportive / advocated","Technology horizon scanning; risk awareness; continuous revision of governance systems","Rapid technological advances; limitations of existing biosafety review systems","Development, revision and implementation of the iGEM governance system","Existence of horizon-scanning capacity; awareness of emerging risks","Not reported","Governance incorporating values and broader societal implications","Horizon scanning; risk identification; community awareness; adaptive risk management","Centralized foundation oversight; scholarly peer-review systems","Pathogen-centred biosafety and biosecurity models","Linked to risk management; biosafety; biosecurity","Not explicitly distinguished","Institutional; National; Global","Case study and governance policy analysis","""A regular technology horizon scanning capacity is needed..."" (p.31)","Conceptual and empirical governance case study for emerging biotechnology"
"82","Trimble et al. (2022)","How do basin committees deal with water crises? Reflections for adaptive water governance from South America","10.5751/ES-13356-270242","Argentina, Brazil and Uruguay","Water governance; River basin management","Water crises during 2014–2015, 2017 and 2019","Multiple comparative case studies; document analysis; 42 semi-structured interviews; workshops; participant observation","River basin committees and commissions","2014–2020","Range of interactions among actors, networks, organizations and institutions pursuing desired social-ecological outcomes","Adaptive Water Governance; Social–Ecological Systems; Single-, Double- and Triple-loop Learning","Mixed","Legal frameworks balancing stability and flexibility; partnerships; knowledge integration; monitoring","Centralization; weak leadership; power asymmetries; implementation gaps; urgent short-term priorities","São Paulo Drought Working Group; turbidity monitoring platform in Argentina","Social learning loop types; statutory flexibility","Examines asymmetrical power and centralized authority","Examines legitimacy of legal frameworks and unequal impacts on vulnerable groups","Collaboration; social learning; information exchange; predictive capability; monitoring","Flexible statutes; multi-stakeholder forums; municipal technical capacity","Hierarchical governance; centralized authority; limited budget autonomy; contextual constraints","Linked to resilience; water crises; Integrated Water Resources Management","Distinguished by emphasizing dynamic interactions among actors rather than steady-state management","Local; Provincial/State; National","Comparative qualitative case studies","""Adaptive water governance involves collaboration among multiple actors, social learning, and flexibility..."" (p.91)","Comparative South American study of adaptive water governance"
"83","Manevska-Tasevska et al. (2021)","Adaptive Governance and Resilience Capacity of Farms: The Fit Between Farmers’ Decisions and Agricultural Policies","10.3389/fenvs.2021.668836","Sweden","Agricultural policy; Farming systems (egg and broiler production)","Common Agricultural Policy (CAP) period 2014–2020","Qualitative study using semi-structured interviews (n=17) and policy document content analysis","Farms (primary producers) and CAP policy interventions","Interviews in 2018; policy documents from 2014–2020","Adjustments in farm- and policy-level decision-making through changes in management practices and policies in response to social, environmental, and economic challenges while delivering desired public and private goods","Multi-level Adaptive Governance; Resilience Capacity Framework (robustness, adaptability, transformability)","Neutral / analytical","Social networks; knowledge-transfer platforms; cooperation and innovation groups; openness to learning and knowledge sharing","Economic, environmental, social and institutional shocks; policy–farm misfit; status quo orientation","Farm modernization; organic farming adoption; labour adjustments; niche innovation policies; social learning","Resilience capacities (robustness, adaptability, transformability); policy fit/misfit assessment","Discusses top-down policy decision-making and industry/consumer influence on farm adaptation","Mentioned; animal welfare framed as a public good (Petitt and Bull, 2018); references to gendered labor division (women's roles) and job satisfaction/quality of life; equity/justice/legitimacy not treated as a distinct analytical focus","Collective action; management adjustments; social learning; knowledge transfer; farm modernization","Policy interventions supporting adaptability; knowledge-management platforms; cooperation groups","Policy misfit across governance levels; policies protecting the status quo","Linked to resilience; sustainability transformations; Common Agricultural Policy","Adaptive governance is the operational process through which resilience is achieved","Farm and policy (multi-level)","Qualitative interviews and policy document analysis","""Results show that neither the farm level nor policy level adaptive processes on their own have the capacity to fully enable farms to be robust, adaptable and transformable.""","Qualitative study of adaptive governance and resilience in Swedish farming systems"
"84","Greenhill et al. (2021)","Towards sustainable management of kelp forests: An analysis of adaptive governance in developing regimes for wild kelp harvesting in Scotland and Norway","10.1016/j.ocecoaman.2021.105816","Scotland (UK) and Norway","Marine resource management; Kelp harvesting","Norway: long-term harvesting; Scotland: 2018–2019 regulatory process","Comparative case study using document analysis and participant observation in advisory meetings","Institutional arrangements and governance processes for kelp harvesting","2018–2019","Governance informed by social learning through self-organizing networks capable of responding to complexity and uncertainty","Adaptive Governance (local governance and participation; knowledge use; legal adaptive capacity)","Mixed","Self-organizing social networks; legislative windows of opportunity; periodic regulatory review","Hierarchical governance; limited integration of scientific and local knowledge; lack of consensus; weak coordination between legal instruments","Regional advisory group in Norway; informal governance networks influencing Scottish legislation","Local participation; empowerment; knowledge integration; legal flexibility","Examines dominance of central agencies, leadership influence, and public pressure","Empowered participation; impacts on remote and vulnerable communities; democratic legitimacy","Local participation; knowledge integration; cyclic regulation review; reflexive governance; institutional diversity","Statutory cyclic review; local advisory structures","Rigid legislation; lack of local mandates; poor coordination between legal instruments","Linked to adaptive management; environmental governance; resilience; blue carbon","Adaptive governance provides the broader governance context, whereas adaptive management focuses on direct management actions","Multilevel (national, regional, local/municipal); analysis focuses on interactions across scales within national governance systems of two countries","Qualitative evidence from participant observation, meeting minutes and policy reports","""It is insufficient to create the processes of engagement and participation—these must be empowered to influence governance and remain legitimate.""","Comparative governance study of kelp harvesting regimes"
"85","Duke et al. (2021)","Culturally Adaptive Governance—Building a New Framework for Equity in Aboriginal and Torres Strait Islander Health Research: Theoretical Basis, Ethics, Attributes and Evaluation","10.3390/ijerph18157943","Australia","Indigenous health research; Clinical research governance","Current implementation with reference to 35 years of ethical guideline development","Theoretical framework development with qualitative and semi-quantitative application","Research governance systems","Current implementation (FlashGM Study); historical ethics development","Analytical and practical framework for holistic management of complex governance environments","Culturally Adaptive Governance Framework (CAGF); Critical Allyship; Polycentric Governance; Consequentialist Ethics","Supportive / advocated","Self-organizing capability; meaningful partnerships; Indigenous leadership; invest, effect and foster attributes","Historical racism; Western dominance; uncertainty; unequal power structures","Implementation within the national FlashGM multicentre clinical trial","Systemic evaluation design (structure, dynamics, context, indicator-based checklists)","Explicit examination of power imbalances between researchers and Indigenous communities","Central focus on Indigenous self-determination, equity, legitimacy and shared decision-making","Power sharing; knowledge co-production; purposeful collaboration; self-organization; reflexive evaluation","Polycentric self-organizing governance systems","Traditional top-down governance; Western regulatory conventions","Linked to Indigenous governance; ethics; critical allyship; self-determination","Adaptive governance is the practical framework through which Indigenous governance is realized within mainstream systems","Project; Organizational; National","Theoretical synthesis and pilot implementation in a clinical trial","""Adaptive governance has emerged... as an analytical and practical framework for the holistic management of complex problems and governance environments.""","Framework paper proposing culturally adaptive governance for Indigenous health research"
"86","Izquierdo-Tort et al. (2021)","Local responses to design changes in payments for ecosystem services in Chiapas, Mexico","10.1016/j.ecoser.2021.101305","Selva Lacandona, Chiapas, Mexico","Forest conservation; Payments for Ecosystem Services (PES)","2008–2019","Long-term field research using programme document analysis and 177 semi-structured interviews","Ten ejido communities participating in PES","2008–2019/2020","Not explicitly defined; adaptive governance reflected in communities continuously modifying local rule systems to adjust to changing PES design and local institutional dynamics","Collective Action Theory; Institutional Bricolage; Common-Pool Resource Theory","Supportive / advocated","Local fairness norms; adaptive benefit-sharing arrangements; continuous cooperation","Changing programme goals; constrained collective action; enrolment discontinuities","Communities modifying participation agreements and local rules in response to programme changes","Participation patterns; rule adaptations; sustained programme access","Not reported","Social inclusion objectives; fairness in benefit distribution","Continuous cooperation; rule modification; adaptive benefit-sharing","Collective local institutions (ejidos); local interests and practices","Programme design inconsistencies; misfit between national objectives and local interests","Linked to collective action; institutional bricolage; Payments for Ecosystem Services","Not explicitly distinguished","Community (ejido); National","Longitudinal field research, interviews and programme document analysis","""Achieving and sustaining collective participation... requires participants to continuously cooperate...""","Longitudinal empirical study of adaptive governance within PES programmes"
"87","Datta & Chaffin (2022)","Evolving adaptive governance: challenging assumptions through an examination of fisheries law in Solomon Islands","10.5751/ES-13251-270230","Solomon Islands","Fisheries law; Inshore fisheries management","Fisheries Management Act (2015); fieldwork in 2017","Qualitative case study using legal document analysis, interviews and participant observation","National fisheries legislation and governance actors","2017","Range of flexible, responsive and innovative governance processes for natural resource management, including public participation and adaptive management","Adaptive Governance; Legal Pluralism; Social–Ecological Systems","Mixed","Customary Marine Tenure; legal recognition of community governance; NGO support","Rigid formalization of customary systems; reliance on Western science; mismatch between state authority and tribal ownership","Fisheries Management Act provisions allowing community management plans with monitoring indicators","Eight adaptive governance principles: nested polycentricity; inclusive participation; adaptive management; knowledge integration; social-ecological fit; boundaries; enforcement; conflict resolution","Examines Global North–South power dynamics, state–community power sharing, and tribal ownership","Emphasizes legitimacy, self-determination and equitable distribution of environmental burdens","Inclusive participation; adaptive management; iterative experimentation; knowledge integration; self-organization","Legal pluralism; Fisheries Management Act (2015); Customary Marine Tenure","Centralized decision-making; Western governance assumptions; tensions within legal pluralism","Linked to community-based resource management; adaptive management; customary marine tenure; legal pluralism","Adaptive governance provides the broader social and political context that enables adaptive management","Village/Local; Provincial; National","Qualitative legal analysis, interviews and participant observation","""Adaptive management is not adaptive governance; adaptive governance refers to the broader social and political context that enables adaptive management.""","Critical examination of adaptive governance assumptions through fisheries law in the Solomon Islands"
"89","Hsu et al. (2020)","Rocky steps towards adaptive management and adaptive governance in implementing green infrastructure at urban scale in Philadelphia","10.1016/j.ufug.2020.126791","Philadelphia, USA","Stormwater management; Green infrastructure","2009–2015","Mixed methods using quantitative billing/programme data, qualitative media and public document analysis, and interviews with city officials","Philadelphia Water Department implementation programmes","2009–2017","Connecting multiple actors and scales to promote participation, enable flexible collaboration, and adapt policy arrangements to changing circumstances and ecosystems","Adaptive Management (AM); Environmental Governance; Adaptive Governance (AG)","Critical / analytical","Formal regulatory agreements permitting evolution; political pressure as a catalyst for change","Power asymmetries; economic interests; weak coordination; competing discourses; negotiation of rules","Rapid modification of SMIP, GARP and customer assistance programmes in response to political reactions","Changes in policy logic; billing record redistribution; stakeholder engagement quality","Central analytical concern examining political power and economic interests shaping implementation","Examines policy legitimacy and tensions between property rights and broader social and environmental benefits","Flexible collaboration; participation; reflexive governance; learning from experience","Formal regulatory agreements specifying adaptive processes","Entrenched governmental roles; weak horizontal and vertical coordination","Linked to Adaptive Management; Green Infrastructure; Environmental Governance","Adaptive governance combines adaptive management with the broader institutional perspective of environmental governance","Local/Urban with State and Federal influences","Mixed-methods empirical evidence including billing data, media analysis and official interviews","""AG can be broadly defined as connecting multiple actors and scales to promote participation, enable flexible collaboration, and adapt policy arrangements to changing circumstances and ecosystems."" (p.3)","Mixed-methods evaluation of adaptive governance during green infrastructure implementation"
"90","Miyanaga & Nakai (2021)","Making adaptive governance work in biodiversity conservation: lessons in invasive alien aquatic plant management in Lake Biwa, Japan","10.5751/ES-12352-260211","Lake Biwa, Japan","Biodiversity conservation; Invasive alien species management","Shift from 1980s–1990s governance approaches to contemporary interactive governance","Qualitative single case study; theoretical/conceptual exploration of two analytical concepts (invasion management; adaptive governance) combined with empirical case analysis; data from council general meeting materials, annual expenditure/vegetation-area data, personal communication, and secondary literature (INTRODUCTION; CASE STUDY; footnote 2)","Local management council and interactive governance structure","Empirical observation spans the Lake Biwa IAS response from first confirmation (2009) and intensive removal (2013) through council operation (2014-) including the increasing trend to 2016 and the transition to early detection/patrol-monitoring from 2017 onward (CASE STUDY; Fig. 4)","Range of interactions among actors, networks, organizations and institutions pursuing desired social-ecological outcomes, rooted in adaptive management","Adaptive Governance; Invasion Management","Supportive / advocated","Interactive governance structures; scientific knowledge generation and sharing; community risk awareness","Limited understanding of governance mechanisms; institutional barriers; competency traps","Annual research updating species distribution; field experiments; establishment of a multi-actor management council","Scientific knowledge production; social learning; organizational learning","Examines changing governmental roles as primus inter pares","Not reported","Learning-by-doing; scientific knowledge generation; experimentation; information accumulation","Interactive governance structures; networking between local and national levels","Traditional command-and-control governance; hierarchical administrative systems","Linked to invasive species management; invasion ecology; adaptive management","Adaptive governance expands beyond ecosystem management to encompass broader social contexts and decision-making processes","Local; Municipal; National","Qualitative case study using interviews and documentary evidence","""Adaptive governance relates mostly to 'a range of interactions between actors, networks, organizations, and institutions emerging in pursuit of a desired state for social-ecological systems'."" (p.2)","Empirical study of adaptive governance in invasive species management"
"93","Mwebesa (2021)","Transboundary water governance and water conflicts in the Lake Victoria Basin: an adaptive and integrative management approach","10.4314/ijbcs.v15i7.10S","Lake Victoria Basin (Uganda, Kenya, Tanzania, Rwanda, Burundi)","Water governance; Transboundary ecosystem management","Not explicitly reported","Mixed methods using purposive organizational sampling, household surveys, factor analysis and regression analysis","Villages and organizations involved in basin management","Not explicitly reported","Approach integrating information from local communities and other stakeholders to address uncertainty","Adaptive Water Governance (AWG)","Supportive / advocated","Information capture and sharing; stakeholder linkages; collaborative learning","Weak stakeholder participation; governance gaps; tokenistic consultation","Performance assessment using Lake Victoria Basin Governance Performance Composite Index (34%)","Adaptability; equity and ethics; collaboration indicators","Mentioned; power/politics acknowledged (water crisis rooted in ""power, poverty, poor resource utilization""; centralization of decision making; political challenges; LVBC lacking legal authority) but not developed as a central analytical concept (p.90, p.96-97)","Equity and ethics assessed as a core governance indicator","Collaborative learning; community information integration; synergistic stakeholder linkages","Institutional openness to socio-ecological change; responsiveness","Limited institutional openness; poor information capture and sharing","Linked to transboundary water governance","Treats adaptive water governance and integrative water governance as two distinct ""arms"" of water governance assessed by separate indicator sets (AWG: adaptability, equity/ethical, collaboration; IWG: participation, integration, rule of law); adaptability framed around coping with shocks/uncertainty and socio-ecological change, whereas integration is framed around policy coherence and vertical/horizontal coordination; AWG indicators found less effective than IWG (p.94-97)","Transboundary/Basin; Local","Quantitative survey data, descriptive statistics and regression analysis","""both adaptive and integrative water governance systems are less effective with a score of 34% and 35% respectively"" (p.90); ""Adaptive governance integrates information from stakeholders such as from local communities which normally have relevant information that can help to address the uncertainties"" (p.96); ""the study concludes that their level of effectiveness in the governance of LVB towards conflict management is very low and lacking"" (p.97)","Quantitative assessment of adaptive water governance effectiveness"
"94","Tuda et al. (2021)","Polycentricity and adaptive governance of transboundary marine socio-ecological systems","10.1016/j.ocecoaman.2020.105412","Kenya and Tanzania","Marine resource governance; Transboundary conservation","Contemporary; references policy shifts from ~1990s (Tanzania early 1990s/1994) and Kenya's shift to co-management ~2004 and post-2010 Constitution; survey data collected April-July 2016","Comparative study using legislative review and Social Network Analysis","Marine co-management systems and governance networks","Single point in time; questionnaire surveys conducted between April and July 2016 (p.7); study notes it ""does not account for the temporal dimension"" (p.12, Discussion 6.4)","Continuous problem-solving process through which institutional arrangements and ecological knowledge are tested and revised in an ongoing, self-organized learning-by-doing process","Polycentricity; Social-Ecological Systems; Social Network Analysis","Supportive / advocated","Polycentric governance; co-management; social networks; bridging organizations; overlapping jurisdictions","Sectoral fragmentation; centralized governmental authority; cross-border institutional differences","Co-management regimes with empowered stakeholders and multiple interactions","Network modularity; broker centrality; institutional redundancy","Explicit examination of centres of power and overlapping authority","Mentioned; equity of access to fishing grounds cited as a driver of co-management in Tanzania (p.6); calls for ""broader participation of marginalized groups"" and ""local empowerment"" (p.12); legitimacy/justice not developed as a dedicated analytical focus","Self-organization; learning-by-doing; network-based information sharing; cross-scale coordination","Polycentric governance structures; partially redundant institutions; shared authority","Centralized coordination and rigid governmental control","Linked to co-management; polycentric governance; adaptive management","Adaptive governance extends adaptive management by addressing the broader social context enabling ecosystem management","Local; National; Transboundary","Quantitative social network metrics and qualitative legislative review","""Adaptive governance is a continuous problem-solving process..."" (p.1)","Comparative transboundary marine governance study"
"95","Greenhill et al. (2020)","Adaptation to climate change–related ocean acidification: An adaptive governance approach","10.1016/j.ocecoaman.2020.105176","Scotland","Marine aquaculture; Climate change adaptation; Ocean acidification","2018–2019","Qualitative interdisciplinary workshop and legislative/policy analysis","Polycentric governance of adaptation responses to ocean acidification in the Scottish aquaculture industry","Workshop (2018); policy review to 2019","Governance with the capacity and flexibility to adapt to changing conditions while maintaining resilience of social-ecological systems","Polycentricity; Collaboration and Participation; Incremental Improvements and Reflection; Self-organisation","Supportive / advocated","Legal adaptive capacity; leadership; bridging networks; shared vision","Scientific uncertainty; weak policy ambition; balancing flexibility and stability","Regional marine planning partnerships; devolution of seabed management rights","Distributed decision-making; vertical/horizontal coordination; learning-based approaches; self-organizing networks","Examines power-sharing between government, private and voluntary sectors","Collective action; legitimacy; references social justice","Knowledge co-production; reflection; experimentation; feedback; vertical and horizontal coordination","Legal mechanisms enabling adaptation; Place Principle; cross-agency collaboration","Weak integration among overlapping regulatory systems; low adaptive capacity in licensing","Linked to resilience; legal adaptive capacity; livelihood adaptation","Adaptive governance extends ecosystem management to broader social contexts where decisions and power are shared","Global; National; Regional; Sector","Workshop findings and documentary legislative analysis","""Adaptive governance provides a framework for understanding the characteristics of governance..."" (p.2)","Qualitative policy and governance analysis of ocean acidification adaptation"
"98","Greenhill et al. (2020)","Does marine planning enable progress towards adaptive governance in marine systems? Lessons from Scotland's regional marine planning process","10.1007/s40152-020-00171-5","Scotland (Clyde and Shetland Marine Regions)","Marine spatial planning; Regional marine planning","2018–2019","Qualitative case study using 16 semi-structured interviews and documentary analysis","Regional Marine Planning Partnerships","December 2018–February 2019","Evolution of rules and norms that satisfy human needs and preferences as knowledge, objectives and contexts change","Local governance and integration; Participation and collaboration; Learning, innovation and adaptability; Self-organization","Mixed","Regional empowerment; leadership; statutory legitimacy; financial incentives","Power imbalance; institutional inertia; limited resources","Regional Marine Planning Partnerships in Clyde and Shetland","Power-sharing; cooperative action; reflexive practice","Strong focus on vertical integration, accountability and neoliberal power","Inclusive participation and addressing inequalities","Social learning; trust-building; iterative adjustment; bridging networks","Nested planning arrangements; Islands (Scotland) Act 2018; supportive legislation","Institutional path dependence; fragmented command-and-control systems; funding constraints","Linked to resilience; Marine Spatial Planning; deliberative democracy","Governance concerns indirect steering of decisions, whereas management concerns direct control of resources","Local; Regional; National","Qualitative interviews and documentary analysis","""Adaptive governance promotes evaluation that focusses on institutions and processes..."" (p.311)","Qualitative case study of regional marine planning"
"99","VanNijnatten & Johns (2020)","Assessing the proximity to the desired End State in complex water systems: Comparing the Great Lakes and Rio Grande transboundary basins","10.1016/j.envsci.2020.07.026","Great Lakes Basin and Rio Grande–Bravo Basin","Transboundary water governance; Integrated water policy","Static assessment relative to long-term objectives","Comparative illustrative case study","Complex transboundary governance systems","2017–2022 research programme","Range of interactions among actors, networks, organizations and institutions pursuing desired social-ecological outcomes","Desired End State; Complex Social-Ecological Systems; Adaptive Governance","Supportive / advocated","Knowledge generation; learning; cross-scale collaboration; vulnerability assessment","Entrenched governance regimes; conceptual ambiguity","Comparison of policy outputs and ecological outcomes across basins","Contextual factors; policy outputs; ecological outcomes","Political pressures for development considered contextual drivers","Warns adaptive governance may produce inequality","Knowledge generation; socio-ecological feedback; cross-scale collaboration","Cross-scale stakeholder networks","Entrenched institutional and policy regimes","Linked to resilience; sustainable development; adaptive capacity","Distinguishes governance regime (means) from desired end state (goal)","Transboundary; Multi-level","Comparative synthesis of policy and ecological evidence","""The assumption... is that... a 'desired end state' will be achieved."" (p.195)","Comparative conceptual and empirical assessment"
"101","Butler et al. (2021)","Decision-Making for Rewilding: An Adaptive Governance Framework for Social-Ecological Complexity","10.3389/fcosc.2021.681545","Generic/global framework, not site-specific; illustrative examples drawn from UK/Scotland, Australia (Torres Strait), and eastern Indonesia; intended for diverse rewilding contexts internationally","Conservation biology; Rewilding; Natural resource governance","Not reported (no defined study period); conceptual paper referencing contemporary rewilding initiatives and the 2021 IUCN rewilding resolution","Perspective paper proposing a conceptual framework","Generic adaptive governance framework for rewilding","Not reported","Flexible, polycentric and self-organising institutions linking across scales to coordinate responses to complex challenges","Adaptive Co-management (ACM); Social Licence to Operate (SLO)","Supportive / advocated","Learning networks; bridging organizations; leadership; public–private partnerships","Conservation conflicts; uncertainty in rewilding outcomes","Conceptual framework supporting implementation of the IUCN rewilding resolution","Framework evaluation indicators (not specified)","Strong focus on power-sharing and equal representation","Explicit emphasis on social justice, diversity of views and equitable participation","Co-learning; knowledge exchange; trial-and-error; conflict transformation; reflexive evaluation","Flexible, polycentric and self-organising institutions linked across scales","High transaction costs and diffuse/poorly defined resource use over large areas with many stakeholders (ACM less effective, e.g., UK); absence of long-term government support; inadequate and inconsistent resourcing of facilitation teams; power asymmetries and domination by powerful actors; legal/pre-determined requirements constraining process (e.g., public lands, First Nation/Aboriginal land rights); lack of existing governance-focused evaluation frameworks for SLO","Linked to ACM; SLO; resilience; trial-and-error learning","Adaptive co-management is presented as a refinement of adaptive governance combining learning with collaboration and power-sharing","Multi-scale (local, regional, national)","Conceptual synthesis and framework development","""Adaptive governance is a continuous problem-solving process..."" (p.3)","Conceptual framework for adaptive governance in rewilding"
"102","Akamani (2020)","Integrating Deep Ecology and Adaptive Governance for Sustainable Development: Implications for Protected Areas Management","10.3390/su12145757","Generic/Global context; protected areas examples including Yellowstone, USA","Sustainable development; Protected areas management; Forestry; Fisheries","Late 1980s to 2020","Review and theoretical synthesis with case study illustrations","Guiding frameworks and ethical principles for environmental policy; protected areas management models","Not reported (no empirical observation window; conceptual paper referencing prior literature and historical policy developments)","Flexible multi-level institutions connecting actors across levels to facilitate ongoing learning and respond to conflicts and uncertainties in ecosystem-based management","Deep Ecology; Resilience; Complex Social-Ecological Systems; Panarchy; Adaptive Cycles","Supportive but critical of ethical limitations","Decentralization; local autonomy; diverse knowledge integration; polycentric systems; leadership; enabling legislation; deliberative arenas","High transaction costs; elite co-option; power asymmetries; marginalization of traditional knowledge; neglect of ethics","Referenced adaptive governance successes in English National Parks and Biosphere Reserves","Recognition of change and uncertainty; diverse knowledge integration; adaptive management goals; diverse/nested institutional structures","Examines unequal power, stakeholder political influence, and elite co-option risks","Biospherical egalitarianism; inter- and intra-species equity; concerns about forced displacement and human rights abuses","Analytic deliberation; social learning; knowledge co-production; experimentation","Polycentric systems; subsidiarity; overlapping/redundant functions; informal mechanisms","Top-down institutions; reductionist scientific knowledge; narrow sectoral goals; expert-driven planning","Linked to resilience; Panarchy; adaptive management; co-management; sustainable development","Extends beyond narrow resource management to broader social and institutional contexts","Global; Regional; Local","Theoretical synthesis and literature-based case illustrations","""Adaptive governance refers to flexible multi-level institutions that connect actors across multiple levels to facilitate ongoing learning, and responding to conflicts and uncertainties in ecosystem-based management processes."" (p.3)","Conceptual synthesis integrating adaptive governance with Deep Ecology"
"103","Tran et al. (2020)","Adaptive flood governance in the Vietnamese Mekong Delta: A policy innovation of the North Vam Nao scheme, An Giang Province","10.1016/j.envsci.2020.03.004","North Vam Nao, An Giang Province, Vietnamese Mekong Delta","Water governance; Flood management; Agriculture","Post-Đổi Mới period since 1986; fieldwork in 2013–2014 and 2019","Qualitative case study using 3 focus groups, 13 in-depth interviews, desk review and thematic analysis","North Vam Nao scheme and hybrid governance paradigm","1982–2019","Continuous problem-solving process in which institutional arrangements and ecological knowledge are tested and revised through dynamic, ongoing and self-organized learning-by-doing","Adaptive Governance; Social Learning; Policy Transformation; Hybrid Governance","Supportive / advocated","Decentralization; reformist leadership; external catalysts; multi-stakeholder participation; trust-building; knowledge co-production","Rigid bureaucracies; command-and-control policies; infrastructure design failures; conflicting national and local priorities","Scheme Management Board; Compartment Management Boards; 3-3-2 rotational cropping pattern","Vertical/horizontal integration; experimentation; local leadership; participation; collaborative learning and knowledge integration","Examines power diffusion and local leadership operating within state political missions","Public accountability; local ownership; meaningful rural participation","Policy experimentation; reflective learning; knowledge co-production; trust-building","Decentralization; hybrid participatory-bureaucratic governance; bridging organizations; CMB communication structures","Monocentric governance; centralized directives; rigid governmental control","Linked to adaptive management; social learning; polycentric water governance; policy innovation","Emphasizes policy experimentation and anticipating surprise as mechanisms for learning","Local; District; Provincial","Qualitative fieldwork and literature review","""Rooted in adaptive management, adaptive governance focuses on policy experimentation and anticipating surprise as a tool for learning..."" (p.47)","Qualitative empirical study of adaptive flood governance and policy innovation"
"104","Migaud et al. (2021)","Developing an Adaptive Space Governance Framework","10.1016/j.spacepol.2020.101400","Outer space; United States federal context","Space policy; Commercial space sector","1957–2020","Conceptual framework development; historical policy analysis; application of adaptive governance criteria","Space governance landscape; NASA's role; commercial space interests","1957–2020","Range of interactions among actors, networks, organizations and institutions moving toward a desired state for social-ecological systems","Adaptive Governance; Social-Ecological Systems; Polycentric Governance","Supportive / advocated","Public-private partnerships; international collaboration; inclusive dialogue; complex/redundant institutions; adequate information and monitoring","Coordination and collective-action problems; rapid technological change; fragmented authority; orbital debris; conflicting commercial and state values","SpaceX crewed ISS missions; UNCOPUOS platforms; NASA safety zones for lunar mining","Adequate resource information; values; human-environment interaction; inclusive dialogue; complex/redundant/layered institutions","Examines transition from government-dominated to market-driven governance and sovereignty tensions","Democratization of space; benefits for humanity; exclusion of tribal stakeholders from treaty frameworks","Policy learning; feedback loops; inclusive dialogue; coordination networks","UN treaties; international standards; polycentric systems; public-private partnerships","Top-down hierarchical approaches; fragmented authority; legal barriers to collaboration","Linked to environmental governance; resilience; common-pool resources; Space 2.0","Encompasses broader social conditions enabling ecosystem management through adaptive management","Subnational; National; Regional; International; Global","Policy trend analysis; historical budget data; theoretical application","""By adopting the AG framework, a space policy can be developed that is highly adaptive, allows rules to evolve from feedback, and appropriately accounts for uncertainty..."" (p.1)","Conceptual framework applying adaptive governance to outer-space governance"
"105","Metzger et al. (2021)","The flexibility gamble: challenges for mainstreaming flexible approaches to climate change adaptation","10.1080/1523908X.2021.1893160","Sweden (Gävleborg and municipalities)","Climate change adaptation; Urban development; Land-use planning","1960s to present; ROBUST programme 2015–2020","Reflexive-interpretive analysis; critical case study; survey (n=161); experimental case studies; validation workshops","Organizational prerequisites of Swedish governance and flexible climate adaptation measures","2015–2020","Emerging governance paradigm addressing ambivalence, uncertainty and distributed power while aiming for reflexivity","Institutional Organization Theory; Robust Decision-Making; Dynamic Adaptive Policy Pathways","Critical","Agile monitoring organizations; sustained attention; long-term organizational reliability","Organizational instability; attention scarcity; resource scarcity; decision–implementation decoupling; monitoring transaction costs","75% of Swedish municipalities lacked resources for required monitoring; professional reluctance to flexible approaches","Dynamic-adaptive signposts and triggers","Examines distributed power and political agenda-setting of funding","Concerns about corruption in weak institutions and malinvestment-related harms","Collective experimentation; learning; monitoring trigger points; signpost-and-trigger systems","Stable and reliable organizational landscape; sufficiently resourced authorities with a steady/sustained supply of attention; clear legal responsibility and mandates (e.g. municipal planning monopoly and building committee duties); national-scale projects with clear objectives and ready access to resources; durable long-term monitoring organizations","Organized anarchies; fluid participation; hollowing-out of states; administrative reforms; fragmented state structures","Linked to robustness; flexibility; resilience; adaptive management","Adaptive governance explicitly addresses ambivalence, uncertainty and distributed power while aiming for reflexivity","Municipal; Regional; National; Global","Surveys, interviews, workshops and institutional analysis","""Based on our results we argue that it is perilous to simply assume that flexible approaches to climate adaptation will lead to greater robustness."" (p.543)","Critical empirical and institutional analysis of flexible climate adaptation governance"
"106","Wilder et al. (2020)","Hydrodiplomacy and adaptive governance at the U.S.-Mexico border: 75 years of tradition and innovation in transboundary water management","10.1016/j.envsci.2020.05.013","U.S.–Mexico border region","Transboundary water management; Hydrodiplomacy; Science diplomacy","1944–2019","Qualitative historical case study of six governance turning points through an adaptive governance lens","U.S.–Mexico hydrodiplomacy and IBWC/CILA institutions","1944–2019","Iterative and dynamic approach responding to uncertainty and complexity","Hydrodiplomacy; Adaptive Governance; Adaptive Management; Social-Ecological Systems","Supportive / advocated","Social learning; knowledge co-production; sustained relationships; flexibility; innovation; state/non-state networks; robust institutions","Wealth/power asymmetries; geopolitical threats; resource shortages; unpredictable funding; tribal stakeholder exclusion","IBWC minute process; Minute 242; Minute 319 Colorado Delta pulse flow","Social learning/knowledge co-production; sustained relationships; flexibility/innovation; actor networks; robust institutions","Examines wealth and power asymmetries, foreign ministry oversight and presidential intervention","Equitable and reasonable utilization; treaty legitimacy; lack of Cocopah tribal representation","Technical amendment process; pulse flows; data harmonization; binational working groups","Treaty of 1944; IBWC/CILA; NAFTA environmental institutions","Centralized Mexican administration; rigid legal positions; asymmetric water governance regimes","Linked to hydrodiplomacy; hydrohegemony; hydrosolidarity; adaptive co-management","Adaptive governance is a necessary condition and operational means through which hydrodiplomacy is enacted","Local; Community; State; National; Binational; Global","Treaty/documentary analysis and historical case assessments","""Adaptive governance is a sine qua non of hydrodiplomacy and is a means by which hydrodiplomacy is carried out and enacted."" (p.200)","Historical analysis of adaptive transboundary water governance"
"109","Jones (2020)","Waste Management in Australia Is an Environmental Crisis: What Needs to Change so Adaptive Governance Can Help?","10.3390/su12219212","Australia","Waste management; Circular economy; Recycling","1990–2020","Systematic review of literature and policy documents with thematic analysis","Multilevel waste management system and intergovernmental institutional arrangements","1990–2020","Policy and legislation preparing for uncertainty through novel approaches to learning and experimentation within institutional processes","Adaptive Governance; Policy Sciences Approach; Steelman's Institutional Approach","Mixed","Leadership; cross-scale collaboration; polycentric decision-making; windows of opportunity; trust-building","Lack of urgency and policy consistency; inconsistent data; weak agreements; industry vested interests; stakeholder apathy","National Waste Policy 2009/2018; Recycling and Waste Reduction Bill 2020; Victorian regional waste management groups","Heterogeneous actor collaboration; flexible/nested institutions; analytic deliberation; repeated interactions; adaptive feedback","Examines sharing of power and responsibility, power imbalances and vested interests","Inclusivity; democratic legitimacy; accountability","Experimentation; monitoring; deliberation; small-scale successes; data standardization; co-design","Polycentric systems; nested governance; ministerial councils; bridging organizations","Traditional bureaucracy; multilevel constitutional constraints; uncoordinated incremental changes","Linked to adaptive management; collaborative ecosystem management; circular economy; collaborative governance","Extends beyond ecosystem management to broader social contexts","Local; Regional; State/Territory; National; International","Systematic review of policy documents and reports","""Adaptive governance has emerged as a potential approach for addressing complexity, with multiple actors collaborating in the design and implementation of challenging environmental issues"" (Abstract, p.1); ""The distinctiveness of adaptive governance is its aim to expand the focus from the `management of ecosystems' towards addressing the complexity of `broader social contexts within which people make decisions and share power'"" (p.3); ""Based on past experience and current practice there is no clear disposition to adaptive governance as a means of promoting cooperation and collaboration on waste management"" (Conclusions, p.12)","Critical policy review of adaptive governance in Australian waste management"
"110","Sauer et al. (2021)","Integrating climate change adaptation in coastal governance of the Barcelona metropolitan area","10.1007/s11027-021-09953-6","Barcelona metropolitan area, Spain","Coastal governance; Climate change adaptation","Contemporary/present-day governance; references legal instruments and plans from 1988 to 2020 (e.g., Law 22/1988; PIMA-Adapta 2015; EACCC 2017; ESCACC 2013-2020; Climate Change Law 16/2017); interviews conducted around 2019-2020 (submitted 30 Jan 2020)","Mixed methods using Social Network Analysis, node-specific metrics and 26 semi-structured interviews","Coastal management network; 51 stakeholders; governance structures","Single case snapshot of the governance network as observed via interviews (c.2019-2020); no longitudinal/over-time observation window (""Network-specific measures... are only interpretable when they are observed over time""; single network analyzed) (p.4)","Self-organizing social networks connecting individuals, organizations and institutions across administrative levels and actor groups, with key actors providing leadership and trust","Adaptive Governance; Adaptive Management; Social Network Analysis; Social-Ecological Systems","Supportive / advocated","Bridging organizations; social capital; trust; information exchange; institutional diversity; boundary work","Centralized power; lack of polycentricity; tourism pressure; adaptation gaps; ineffective science-policy interaction","Barcelona Climate Plan; AMB Plan of Adaptation to Climate Change; Local Plans for Adaptation","Degree centrality; betweenness centrality; Type Heterogeneity Index; Scale Heterogeneity Index; modularity","Examines power distribution, competing authority, national centralization and unequal power relations","Examines mandate-based legitimacy and prioritization of tourism/economic interests over environmental protection","Boundary work; mediation; social learning; information sharing; feedback loops; self-organization","Supra-local bridging organizations; community-based adaptation; boundary organizations","Concentration of power in national agencies; limited local legal competence; sectoral regional strategies","Linked to adaptive management; adaptive co-management; resilience","Goes beyond adaptive management by encompassing social and institutional conditions framing diverse learning environments","Local; Metropolitan/Supra-local; Regional; National","Social network metrics and qualitative interview analysis","""Overcoming this is difficult, however, as the effectiveness of local adaptation strategies in the Barcelona metropolitan area is very limited due to a strong centralization of power at the national level and a lack of polycentricity"" (Abstract, p.2); ""knowledge diversity as a prerequisite for adaptive governance (Chaffin et al. 2014; Dietz et al. 2003) is absent in the adaptation network"" (p.20); ""Although we observe formation of subgroups, there is no real poly-centricity in the network... as power is very concentrated at the national level"" (p.22)","Mixed-methods empirical analysis of adaptive coastal governance"
"111","Frohlich et al. (2021)","Legal barriers to adaptive coastal management at a coastal erosion hotspot in Florianópolis, Brazil","10.1016/j.marpol.2021.104436","Florianópolis, Santa Catarina, Brazil","Coastal management; Coastal erosion; Law","2010–2019; interviews Aug–Sep 2019","Case study; document analysis; 27 semi-structured interviews; inductive thematic coding","Coastal management experience and legal framework","2010–2019","Emergent concept that uses and supports adaptive management in social-ecological systems","Adaptive management dual-phase cycle","Supportive / advocated","Transparency; legitimacy; dispute resolution; accountability; polycentricity","Vague legislation; excessive legal flexibility; political inertia; litigation","2010 Commitment Agreement for temporary seawall","Periodic evaluation; monitoring indicators; predefined triggers","Legal discretion delaying planning; political avoidance of costly decisions","Property rights considered from a public-interest perspective; legitimacy in decision-making","Structured iterative learning; setup and iterative phases; monitoring; evaluation; adjustment","Cooperative federalism; constitutional support for polycentricity","Open-ended legislation; hierarchical blame-shifting; replicated federal structures","Linked to adaptive management; Integrated Coastal Management; cooperative federalism","Adaptive governance is the broader concept that uses and supports adaptive management","Federal; State; Municipal","Qualitative document analysis and interviews","""Adaptive governance [is] an emergent concept that uses and supports adaptive management in social-ecological systems."" (p.11)","Empirical legal analysis of adaptive coastal governance"
"114","Carrai (2021)","Adaptive governance along Chinese-financed BRI railroad megaprojects in East Africa","10.1016/j.worlddev.2020.105388","Kenya and Ethiopia","Infrastructure; Railroad megaprojects; Development financing","2013–2020; fieldwork 2019–2020","Comparative case study; document analysis; 62 semi-structured interviews","Chinese SOEs and CSR practices","2000–2020","Nascent context-specific governance approach shaped by sovereignty and non-interference","Corporate Social Responsibility; State-centric CSR; Sovereignty-first approach","Critical / pragmatic","Compliance with local laws; organizational learning from previous projects","Weak enforcement; vague guidelines; corruption; weak host-country institutions","Animal-friendly railway designs in Nairobi National Park after legal intervention","Localization rates; Environmental and Social Impact Assessments (ESIAs)","Development financing as political leverage; railroads legitimizing ruling parties","Social rights of affected residents; right to sustainable development","CSR reporting; localization strategies; project-by-project adaptation","Local environmental regulatory frameworks; trilateral cooperation agreements","Absence of overarching overseas assistance law; voluntary CSR compliance","Linked to CSR; Belt and Road Initiative; good governance","Not explicitly distinguished","Transnational; National","Qualitative comparative case study and interviews","Not reported","Comparative analysis of adaptive governance in BRI infrastructure projects"
"115","Frohlich et al. (2019)","Towards adaptive coastal management: Lessons from a “legal storm” in Byron Shire, Australia","10.1016/j.ocecoaman.2019.104909","Byron Shire, New South Wales, Australia","Coastal management; Coastal erosion; Coastal planning","1978–2019; interviews Aug 2018–Feb 2019","Case study; document analysis; 23 semi-structured interviews; inductive thematic coding","Local government area and cross-scale governance interactions","1978–2019","Governance focused on creating a polycentric structure that increases cross-scale interactions and stakeholder social networks","Institutional Analysis and Development (IAD); Two-phase adaptive management cycle","Supportive / advocated","Polycentric structures; legislative reform (NSW Coastal Management Act 2016)","Adaptive management lite; legal path dependency; excessive litigation","Monitoring, evaluation and reporting programmes required in Coastal Management Programs","Indicators; trigger points; thresholds in Coastal Management Programs","Deferral of difficult political decisions through adaptive management rhetoric","Compensation on just terms; stakeholder legitimacy and fairness","Polycentric structures; cross-scale interactions; iterative learning","NSW Coastal Management Act 2016; Coastal Management Manual","Existing development rights; legal finality; high retreat costs","Linked to resilience; path dependency; Panarchy; Integrated Coastal Management","Governance provides polycentric structures enabling adaptive management","Local; State; Federal","Qualitative interviews, court files and management documents","""Success in overcoming existing juridical constraints will also require adaptive governance..."" (p.13)","Empirical legal study of adaptive coastal governance"
"116","Ulibarri & Scott (2019)","Environmental hazards, rigid institutions, and transformative change: How drought affects the consideration of water and climate impacts in infrastructure management","10.1016/j.gloenvcha.2019.102005","California, USA","Infrastructure management; Water and energy; Environmental impact assessment","1976–2018; drought 2012–2016","Mixed methods; NLP of Environmental Impact Statements; ethnography (300+ hours); 27 interviews","NEPA Environmental Impact Statements and FERC hydropower relicensing","1976–2018","Environmental governance allowing collective action to facilitate adaptation to change while itself evolving","Institutional Change; Path Dependency; Critical Junctures; System Resilience","Neutral / analytical","Individual awareness; support from higher-level institutions; cross-scale integration","Rigid bureaucracies; attention scarcity; governance gaps","Temporary increase in drought consideration within Environmental Impact Statements","Term frequency; TF-IDF; topic modelling","Political priorities affecting climate terminology and agenda","Environmental justice considered within official documents","Collective action; feedback loops; integration of scientific and lay knowledge","NEPA review process supporting multi-agency consultation","Historical modelling requirements; fixed infrastructure","Linked to resilience; adaptive management; collaborative governance; adaptive capacity","Not explicitly distinguished","Regional; Federal","Mixed-methods computational analysis, ethnography and interviews","""we define adaptive governance as 'environmental governance that allows emergence of collective action capable of facilitating adaptation to change and surprise as well as the capacity to itself evolve'"" (p.2); ""this research suggests that you need both individual-level awareness and support from higher level institutions to shift institutional norms"" (p.8); ""Although these results do not preclude the ability of slow-onset hazards to shift institutional norms, they suggest that doing so is challenging"" (Abstract, p.1)","Mixed-methods study of adaptive governance under drought conditions"
"117","Lopez Porras et al. (2019)","Corruption and conflicts as barriers to adaptive governance: Water governance in dryland systems in the Rio del Carmen watershed","10.1016/j.scitotenv.2019.01.030","Rio del Carmen watershed, Chihuahua, Mexico","Water governance; Agriculture; Dryland systems","1930–2018; interviews Feb–Apr 2018","SES assessment; stakeholder analysis; 27 interviews; deductive content analysis","Water governance system","1930–2018","Flexible, inclusive and innovative institutions regulating water access and increasing adaptive capacity under uncertainty","Adaptive Water Governance; SES Resilience","Supportive / advocated","Stakeholder engagement; knowledge generation; cross-scale collaboration; subsidiarity","Corruption; violent conflict; groundwater depletion; scale mismatch","Potential behavioural change among Mennonite farming communities","Operationalized via AWG principles/elements: learning, connectivity, collaboration, flexibility, subsidiarity, iterativity (Fig.1 conceptual framework); legal/institutional design principles requiring iterative-flexible governance, legally binding authority/accountability, financial-technical-administrative self-governance powers, connectivity and subsidiarity (p.526-527); Watershed Committee characteristics mapped to each principle","Government corruption and unequal power","Inclusive governance and equitable resource sharing","Iterativity; flexibility; subsidiarity; connectivity; self-governance","National Water Law (1992); Watershed Committees","Centralized agencies; limited resources; water-rights black markets","Linked to SES resilience; adaptive capacity; Water Ecosystem Services","AWG distinguished from centralised, top-down governance (lacking collaboration, learning, legitimacy, fit) and from mere decentralization (which does not by itself solve corruption or improve effectiveness); AWG framed as flexible, inclusive, innovative institutions increasing adaptive capacity under uncertainty, requiring learning, connectivity, collaboration, flexibility and subsidiarity, contrasted with fragmented/centralised regimes; not sharply differentiated from resilience/co-management (treated as closely linked, resilience-enhancing)","Local; State; National","Qualitative interviews and secondary government data","""Adaptive water governance regulates water access through flexible, inclusive and innovative institutions..."" (p.520)","Empirical study of barriers to adaptive water governance"
"118","Dutra et al. (2019)","Governance mapping: A framework for assessing the adaptive capacity of marine resource governance to environmental change","10.1016/j.marpol.2018.12.011","Vanuatu","Marine resource governance; Fisheries","Not reported","Analytical framework development; governance mapping; expert semi-quantitative assessment","Marine governance sub-systems","Not reported","Governance able to anticipate environmental change, strengthen social networks, leadership and trust, promote knowledge and innovation, and minimize impacts","Institutional Analysis and Development; SES Theory; Governance Mapping","Supportive / advocated","Leadership; trust; social networks; knowledge acquisition; decision flexibility","Market incentives; weak enforcement; declining customary authority; expert bias","Dead nakamal areas illustrating contested authority","Governance scores (-2 to +2); actor-interaction-outcome criteria","Power relations and authority allocation","Fair benefit sharing and recognition of customary owners","Information exchange; monitoring; rule revision","Network governance; Fisheries Act recognizing customary ownership","Bureaucratic governance; weak customary authority","Linked to SES; Ecosystem-Based Fisheries Management; vulnerability assessment","Not explicitly distinguished","Community; National; International","Expert appraisal using governance framework","Not reported","Framework paper for governance mapping and adaptive capacity assessment"
"119","Metz et al. (2020)","Policy integration: Do laws or actors integrate issues relevant to flood risk management in Switzerland?","10.1016/j.gloenvcha.2019.101945","Switzerland","Flood risk management; Policy integration","2013–2017","Bipartite network analysis; legislative coding; national online survey; ERGM","Flood policy issues and organizational actors","2013–2017","No explicit definition of adaptive governance is provided; AG is framed as governance structures called for ""in order to buffer the effects of such climate-related extreme events"" and as follows: ""One important aspect of adaptive governance is policy integration (Ansell and Gash 2008, Folke et al. 2005)"" (p.1, Introduction). The paper instead defines integration: ""We define integration as the joint action on policy issues whenever issues exhibit interdependencies"" (p.1).","Policy Integration; Social-Ecological Fit; Network Analysis","Neutral / analytical","Law-based issue integration; actor-based leadership; brokers","Sectoral silos; conflicting beliefs; high transaction costs","Hydraulic Engineering Act integrating engineering and spatial planning","Ochiai similarities; bipartite networks; weighted associations","Specialized agencies and competing policy beliefs","Integrated policies supporting legitimate solutions","Horizontal and vertical policy integration","Integrated legal frameworks mandating coordination","Rigid legal systems; New Public Management specialization","Linked to collaborative governance; polycentric governance; SES fit","Not explicitly distinguished","Cantonal; National","Quantitative network analysis and survey data","""the IPCC and scholars across disciplines call for adaptive governance structures"" (p.1, Introduction); ""One important aspect of adaptive governance is policy integration (Ansell and Gash 2008, Folke et al. 2005)"" (p.1); ""contributing knowledge about adaptive governance capacities in socialecological systems that buffer the effects of climate change"" (Abstract, p.1); ""the academic literature concludes that integrated policy sectors enhance adaptive governance capacities"" (p.1).","Quantitative study of policy integration and adaptive governance"
"120","Yañez Soria et al. (2020)","Governance and policy limitations for sustainable urban land planning. The case of Mexico","10.1016/j.jenvman.2019.109575","Metropolitan Zone of Querétaro, Mexico","Urban land planning; Sustainable development","2009–2018","Case study; regulatory analysis; land-use cartography; 6 interviews","Land-use change process and policy instruments","2009–2018","Open multi-actor networks capable of setting common goals and outcomes","Environmental Discourses; Environmental Policy Integration","Supportive / advocated","Decentralized jurisdictions; multi-actor platforms; leadership","Policy integration deficit; democracy deficit; interdisciplinary deficit; lack of monitoring","67% approval of protected land-use changes despite regulations","Urbanization rates; arable land per capita; spatial land invasion","Private legal interests; fragmented administrative power","Redistribution of land-use benefits; democratic governance","Multi-level and multi-actor coordination; horizontal and vertical integration","LGAHOTDU (2016) supporting regional planning integration","Neoliberal model; institutionalized corruption; lack of metropolitan planning","Linked to urban sprawl; sustainable planning; experimental governance","Not explicitly distinguished","Municipal; State; National","Mixed-methods cartographic and qualitative evidence","""Better outcomes are obtained under adaptive governance arrangements, which are based on open multi-actor networks capable of setting common goals and outcomes"" (p.2); ""land-use changes are approved in a closed environment (contrary to that of adaptive governance structures) with no public or other stakeholders present"" (p.6); ""this paper supports the need to transition to more adaptive or experimental governance structures to overcome the three interrelated deficits"" (p.7)","Mixed-methods study of adaptive urban land governance"
"121","Gan et al. (2019)","Integrating policy, market, and technology for sustainability governance of agriculture-based biofuel and bioeconomic development in the US","10.1186/s13705-019-0223-2","United States","Bioenergy; Agriculture; Biofuels","1949–2018","Systematic review and conceptual framework","Bioenergy policies and sustainability governance","1949–2018","Governance system developed and implemented in response to sustainability concerns through risk monitoring and management","Adaptive Sustainability Governance; Bioeconomy Interconnectivity","Supportive / advocated","Monitoring systems; precision agriculture; CSR; social norms","Limited empirical evidence; technology costs; high monitoring costs","Energy Independence and Security Act (2007) adapting mandates","GHG savings; corn profits; soil and water indicators","Biofuel mandates and political trade-offs","Need for societal trust and legitimacy","Risk monitoring; continuous strategy adjustment; market approaches","Natural resource conservation legislation","Policy-induced unsustainability; certification gaps","Linked to bioeconomy; bioenergy; sustainability governance","Not explicitly distinguished","National; Global","Literature review and data synthesis","""Adaptive sustainability governance seems appropriate..."" (p.18)","Conceptual review of adaptive sustainability governance"
"122","Pereira et al. (2020)","South American Expert Roundtable: Increasing Adaptive Governance Capacity for Coping with Unintended Side Effects of Digital Transformation","10.3390/su12020718","South America (Argentina, Brazil, Uruguay, Colombia, Chile)","Digital transformation; E-governance; Smart cities","2018–2020","Expert Roundtable; qualitative content analysis; cluster analysis; transdisciplinary approach","Thirty-nine propositions on unintended effects of digital transformation","2018–2020","Adaptive governance requires understanding the origins, mechanisms and dynamics of vulnerabilities and unintended effects through transdisciplinary processes","Systems Theory; Vulnerability Management; Transdisciplinarity","Supportive / advocated","Multi-stakeholder dialogue; science-practice collaboration; interdisciplinary processes","Limited governmental capacity; hierarchical organizations; rigid regulations","MitiCo project addressing corruption through transdisciplinary analysis","Corruption Perceptions Index; GINI Index; cluster analysis","Power of global IT monopolies exceeding states","Digital divide; social exclusion; ethical dilemmas","Double-loop learning; expert triangulation; transdisciplinary processes","Regional legal frameworks; brokerage platforms","Weakened governments; information asymmetry with IT companies","Linked to digital transformation; Industry 4.0; Smart cities","Not explicitly distinguished","Local; National; Regional; Global","Expert consensus and exploratory cluster analysis","""Adaptive governance calls for not only identifying vulnerabilities and unseens..."" (p.22)","Conceptual and expert-based study of adaptive governance for digital transformation"
"123","Williams et al. (2020)","The role of collaborative research in learning to incorporate values of the public in social–ecological system governance: Case study of bushfire risk planning","10.5751/ES-11987-250431","Victoria, Australia","Bushfire risk planning; Social–ecological systems governance","2009–2018","Case study; analysis of publications, internal reports, workshop and meeting notes","Three-year collaborative research programme on public values in bushfire governance","2015–2017","Governance arrangements with the capacity to navigate the inherent complexity and uncertainty of social–ecological systems","Multi-loop social learning (single-, double-, and triple-loop learning)","Supportive / advocated","Collaborative research; social learning; trust; participant connectedness; SES disruptions","Technical-scientific dominance; command-and-control paradigms; path dependency; limited social science expertise","Development of the Valuation Framework; shift from community ""education"" to community ""listening""","Changes in policy, organizational structures and routines; evidence of double- and triple-loop learning","Examines tensions between technical and social scientific knowledge and command-and-control approaches","Mentioned - incorporating ""values of the public"" and community participation is central to the study's aim; equity noted as a criterion combined into the Valuation Framework; ""shared responsibility"" and acceptance/legitimacy of governance principles discussed; core values (security, self-direction) linked to acceptance of bushfire governance; concerns that findings could ""raise unrealistic expectations""; justice/legitimacy not treated as a formal theoretical frame","Joint concept development; collaborative reflection; action research; questioning routines; knowledge sharing","Long-term multidisciplinary research programmes; policy transition toward risk-based planning (Safer Together)","Command-and-control paradigms; rigid legislative priorities; standardized risk assessment routines","Linked to social learning; policy transition; Social–Ecological Systems","Adaptive governance is framed as the overarching lens for navigating SES complexity/uncertainty within which social learning operates; learning (single-/double-/triple-loop) is the mechanism through which adaptive governance changes occur; collaborative research is treated as one form of social learning and as an ""interruption"" within SES governance; sensemaking is distinguished as a precursor social process to learning; the paper does not otherwise formally define boundaries between adaptive governance and related terms","State-wide; Regional","Qualitative evidence from collaborative research, workshops and internal documents","""Adaptive governance is closely intertwined with learning..."" (p.7)","Case study of collaborative research supporting adaptive governance"
"124","Marques et al. (2020)","Water Governance in Vale do Paraíba Paulista: Network of Actors and Socioecological Systems","10.1590/1809-4422asoc20190139r1vu2020L2DE","Vale do Paraíba Paulista (São Paulo Macrometropolis), Brazil","Water governance; Water resources management","Post-2013–2015 water crisis","Social Network Analysis; semi-structured interviews; participant observation","Technical Chamber of Forest Restoration and Water Resources (CT-RFRH) within the Paraíba do Sul River Basin Committee","August 2018–March 2019","Governance able to identify and provide opportunities for socioecological transition toward greater resilience","Social–Ecological Systems; Social Network Analysis","Supportive / advocated","Social participation; scientific knowledge dissemination; brokers; institutional flexibility; social learning","Inequalities; short-term decision-making; top-down state action; infrastructure-focused strategies; information asymmetries","Activities of CT-RFRH supporting restoration and conservation strategies","SNA metrics (In-degree, Out-degree, Betweenness)","Examines exercise of power, technocratic dominance and information control","Focuses on reducing inequalities, community emancipation and equitable water access","Knowledge sharing; experiential learning; brokerage; institutional innovation","Flexible institutional arrangements; multi-actor platforms; multi-scalar articulation","Top-down state action; rigid technocracy; centralized information and resource control","Linked to SES resilience; institutional innovation; adaptive management","Not explicitly distinguished","Municipal; State; Macrometropolitan","Mixed-methods evidence using SNA metrics, interviews and observation","""Adaptation... seeks social transformation and emancipation..."" (p.84)","Mixed-methods study of adaptive water governance using social network analysis"
"125","Tuda et al. (2019)","Exploring the prospects for adaptive governance in marine transboundary conservation in East Africa","10.1016/j.marpol.2019.02.051","Southern Kenya–Northern Tanzania border region","Marine transboundary conservation; Fisheries management","2016","Comparative case study; Social Network Analysis; questionnaire; semi-structured interviews","Seventy organizations (resource users, government agencies and NGOs)","April–August 2016","Flexible, learning-based collaborative decision-making involving state and non-state actors across multiple levels to coordinate management of socioecological systems","Adaptive Co-management (antecedents, process and outcomes)","Supportive / advocated","Social proximity; collaboration networks; improved knowledge; polycentric governance structures","Sectoral fragmentation; centralization; weak rule compliance; limited scientific information use; cross-border institutional differences","Beach Management Units (BMUs); Locally Managed Marine Areas (LMMAs)","Network density; path length; diameter; centralization; adaptive capacity indicators; cognitive and relational learning","Examines power-sharing and the effects of centralization on knowledge diversity","Focus on equitable resource governance and trust-building","Collaborative networks; social learning; information exchange; coordinated planning","Participatory legal reforms; co-management arrangements","Centralized governance; rigid governmental control; differing national institutional systems","Linked to adaptive co-management; resilience; transboundary SES","Adaptive co-management is treated as an approach or strategy for achieving/improving the prospects of adaptive governance rather than as identical to it - ""One approach, aimed at improving adaptive governance of complex SESs, is adaptive co-management""; adaptive governance is framed as the broader social context within which sustainable ecosystem management occurs, building on linkages across multiple levels and scales and correlated with resilience; co-management defined more narrowly as community-based, place-tailored resource management working with organizations at different scales; learning must lead to adaptive management practices for a process to be ""truly adaptive""","Local; National; Transboundary","Empirical social network analysis and interview data","""Adaptive governance can be understood as a flexible, learning-based, collaborative, decision-making process, involving both state and non-state actors, often at multiple levels"" (p.75); ""Adaptive governance holds wide appeal conceptually, although there is still relatively little insight into how adaptive governance might play out in transboundary socio-ecological systems, particularly in the developing country contexts"" (p.82, Conclusion); ""For a management process to be interpreted as truly adaptive, rules should be implemented, followed and enforced, which is not the case in Kenya and Tanzania"" (p.81)","Comparative empirical study of adaptive governance in marine transboundary conservation"
"126","Hurlbert & Gupta (2019)","An institutional analysis method for identifying policy instruments facilitating the adaptive governance of drought","10.1016/j.envsci.2018.09.017","Canada (South Saskatchewan River Basin); Chile (Elqui River Basin); Argentina (Mendoza River Basin)","Drought management; Agriculture; Climate change policy","1930s to future climate change scenarios","Institutional analysis framework; mixed-methods interdisciplinary approach; literature review; 41 stakeholder interviews","Governance institutions (rules, norms, laws, policies and practices)","Multi-year research programme","Political, social, economic and administrative systems managing society's resources through collaborative, flexible and learning-based management across scales to promote resilient institutions and social networks","Institutional Analysis Method for Adaptive Governance; Adaptive Capacity Wheel; Earth System Governance framework","Supportive / advocated","Institutional diversity; learning capacity; autonomous change; leadership; resources; fair governance","Institutional failure; rigid governance; weak accountability and transparency; ageing infrastructure; climate scepticism","Crop insurance; farm water infrastructure grants; environmental farm planning; glacier preservation laws","Adaptive Capacity Wheel criteria; impacts on human, social, economic, technological and natural capital","Examines power, science and resource control in policy framing","Addresses fair governance, inclusion and disparities between large and small producers","Adaptive management; adaptive co-management; anticipatory governance; scenario planning","Well-developed governance systems; formal regulatory agreements; statutory protection laws","Fragmented multilevel governance; neoliberal models; privatized water markets","Linked to resilience; complexity theory; adaptive capacity; multi-level governance","Adaptive governance is presented as the overarching theoretical framework linking resilience, ecosystem dynamics and complexity","Global; National; Regional; Local","Mixed qualitative and semi-quantitative evidence from interviews, literature review and Adaptive Capacity Wheel scoring","""Adaptive governance has emerged as a theoretical framework... best responds to the uncertain, systemic, complex, and often contested problem of climate change."" (p.234)","Institutional framework for evaluating adaptive governance of drought"
"128","Ding et al. (2019)","Addressing Uncertainty of Environmental Governance in Environmentally Sensitive Areas in Developing Countries: A Precise-Strike and Spatial-Targeting Adaptive Governance Framework","10.3390/su11164510","China (Water Source Area of the Middle Route Project)","Environmental governance; Ecosystem services","2002–2010","Case study using Ecosystem Services Value assessment and Actor Network Theory","Regional institutional system / Water Source Area","2002–2010","Continuous problem-solving process in which institutional arrangements and ecological knowledge are tested and revised through a dynamic, self-organized process of learning by doing","ESV-based Adaptive Governance Model; Actor Network Theory","Supportive / advocated","Participation; experimentation; collective learning","Goal ambiguity; knowledge uncertainty; asymmetric power; management costs","Adaptive governance applied in the South–North Water Diversion Project Water Source Area","Ecosystem Services Value variation; spatial distribution patterns","Addresses asymmetric power distribution and political actors","Environmental justice; environmental justice for all","Steering and coordination; feedback between ecosystem change and decision-makers","Innovative governance arenas; National Ecological Civilization Experimental Zone","Fragmented hierarchical governance; unsound political regimes","Linked to sustainable development; co-governance; public–private partnerships","Paradigm shift from controlling individual variables to managing whole social–ecological systems","Supra-regional; Regional; Sub-regional","Empirical case study combining quantitative ESV estimation and qualitative institutional analysis","""Adaptive governance is a continuous problem-solving process...""","Empirical adaptive governance framework using ecosystem services indicators"
"129","Molenveld & van Buuren (2019)","Flood Risk and Resilience in the Netherlands: In Search of an Adaptive Governance Approach","10.3390/w11122563","The Netherlands","Flood risk management; Water management","2008–2015","Single case study using Institutional Analysis and Development framework, interviews, focus groups and document analysis","Dutch Delta Programme flood safety policy","2008–2015","Polycentric and loosely structured governance capable of resolving flood-risk issues sustainably","Institutional Analysis and Development (IAD)","Supportive / advocated","Inclusive scope; integrative collaboration; regional dialogue","Path dependency; institutional resistance; inability of existing policy regime to change","Multilayered Safety (MLS) within the Dutch Delta Programme","Seven Rules-in-Use categories (Boundary, Position, Choice, Information, Aggregation, Payoff, Scope)","Examines authority concentration and ""taming"" strategies","Discusses policy effect, impact and policy-making inequalities","Iterative search; regional dialogue; knowledge-intensive search","Regional pilot projects; openness to non-traditional actors","Institutional density; tight rules; sunk infrastructure costs","Linked to resilience; polycentric governance; untaming","Distinguished from ""tame"" governance through recognition of wicked problem complexity","Local; Regional; National","Qualitative interviews, focus groups and participant observation","""Adaptive and polycentric governance systems are able to cope more effectively...""","Empirical case study of adaptive flood governance"
"131","Walch (2019)","Adaptive governance in the developing world: Disaster risk reduction in the State of Odisha, India","10.1080/17565529.2018.1442794","Odisha, India","Disaster risk reduction; Climate change adaptation","1999–2013","Single case study using process tracing and 47 semi-structured interviews","State government and disaster management system","1999–2014","Framework relying on collaboration among diverse stakeholders across multiple scales within multilevel institutions","Adaptive Governance; Resilience Theory","Supportive / advocated","Traumatic shocks; committed political leadership","Limited resources; power dynamics; weak attention to local realities","Institutional reforms preceding Cyclone Phailin (2013)","Polycentric institutions; self-organization; learning; innovation","Examines political leadership and implementation power dynamics","Focus on indigenous women, marginalized populations and trust","Collaboration; flexibility; learning; experimentation","Odisha State Disaster Management Authority; National Disaster Management Act 2005","Weak initial leadership; poor coordination","Linked to adaptive co-management; polycentric governance","Distinguished by embracing uncertainty rather than merely coping with it","Grassroots; District; State; National","Process tracing, interviews and focus groups","""Adaptive governance... embraces uncertainty by focusing on collaboration, flexibility and learning.""","Empirical disaster governance case study"
"132","Jiménez et al. (2020)","Unpacking Water Governance: A Framework for Practitioners","10.3390/w12030827","Global","Water governance (WASH, WRM, Transboundary)","2015–2019 consultation period","Desk review and expert consultations","Concept of water governance","Not reported","Ability to evolve, adapt or transform through interactions among actors within social–ecological systems to reach a desired state","Orders of Outcomes Framework","Supportive / advocated","Social capital; leadership; institutional flexibility; individual capacity","Governance gaps in policy, coordination, funding, information and accountability","Implementation through the WASH Bottleneck Analysis Tool","Eight governance functions and ten governance attributes","Recognizes water scarcity as rooted in power, poverty and inequality","Human rights; inclusiveness; impartiality","Feedback loops; collective learning; staged and tiered processes","Legal frameworks; accountability; enforcement","Weak accountability; information gaps","Linked to good governance; resilience; sustainable development","Distinguished from engineering-driven management through emphasis on social functions","Local; National; Regional; Transboundary","Literature review and stakeholder consensus","""Adaptive governance is the ability to evolve, adapt or transform...""","Conceptual practitioner framework"
"133","Rutherford & Schultz (2019)","Adapting wildland fire governance to climate change in Alaska","10.5751/ES-10810-240127","Alaska, USA","Wildland fire management","1980s–present","Qualitative analysis of 41 semi-structured interviews","Alaska wildland fire governance system","Interview data reflecting managers' current perceptions and anticipated future responses; references decadal changes in fire regimes since the 1980s and projections for the first half of the 21st century; builds on prior work from ~2008-2009 (Chapin et al. 2008; Trainor et al. 2009)","Emergent environmental governance supporting collective action, learning, adaptation and governance evolution","Adaptive Governance; Institutionalization; Institutional Work","Supportive / advocated","Bridging organizations; boundary work; face-to-face interaction","Federal budgeting; prescriptive laws; scale mismatches","Kenai Peninsula All Lands/All Hands group; Alaska Interagency Wildland Fire Management Plan","Networked organizations; bridging organizations; self-organization","Examines entrenched bureaucracies and multi-level authority","Protection of Native allotments and subsistence opportunities","Social learning; collective action; communication","Multilevel networks; multiyear funding","Top-down bureaucracies; rigid budgeting","Linked to adaptive management","Distinguished by emergence of collective action within institutional constraints","Local; State; Federal","Qualitative interviews","""Adaptive governance synthesizes knowledge... in the face of uncertainty and rapid change.""","Empirical wildfire governance study"
"135","Frohlich et al. (2018)","The relationship between adaptive management of social-ecological systems and law: A systematic review","10.5751/ES-10060-230223","Predominantly USA; also Australia, Canada, South Africa and others","Forestry; Water; Biodiversity; Fisheries; Marine/Coastal","2006–2016","Systematic review (PRISMA) and thematic coding of 80 studies","Peer-reviewed literature","2006–2016","Institutional and societal structures facilitating adaptive management","Social–Ecological Systems; Systematic Review","Supportive / advocated","Polycentricity; collaboration; public participation","Power inequalities; hierarchical governments; legal barriers","Synthesis of 80 peer-reviewed studies","Cross-scale interactions; social networks; multiple governance units","Examines political and economic interference","Justice; legitimacy; equity","Feedback loops; staged processes; conditional approvals","Flexible legal frameworks; sunset clauses; review mechanisms","Legal certainty; finality; stationarity","Linked to adaptive management; resilience; polycentricity","Distinguished from centralized command-and-control governance","Local; Bioregional; Higher scales","Systematic review","""Adaptive governance has been perceived as the institutional and societal structures that facilitate adaptive management.""","Systematic review of law and adaptive governance"
"136","Skog et al. (2018)","Building Resilience in Social-Ecological Food Systems in Vermont","10.3390/su10124813","Vermont, USA","Local food systems","2009–2015","Case study using interviews and observations","Farm to Plate network","2015 harvest season","Institutional structure emphasizing social learning and collaboration across scales beyond formal government channels","Social–Ecological Systems; Resilience Theory","Supportive / advocated","Social capital; common identity; trust; safe learning spaces","Marginalization; exclusion; elitism","Vermont Farm to Plate network","Social learning; diversity; self-organization","Examines power sharing and stakeholder relations","Low-income consumers; democratic and social justice","Social learning; partnerships; feedback loops","Working groups; shared vision","Homogeneous stakeholders; commercial values","Linked to resilience; adaptive management; sustainability","Distinguished by functioning outside formal government channels","Local; State","Qualitative interviews and observations","""Adaptive governance... emphasizes social learning by interactions and collaboration across scales.""","Empirical food systems governance study"
"137","Bizikova et al. (2018)","Policy adaptability in practice: Lessons learned in the application of the Adaptive Design and Assessment Policy Tool (ADAPTool)","10.1080/25741292.2018.1436376","Canada","Agriculture; Forestry; Water; Parks and protected areas","2005–2014","Empirical application of ADAPTool with interviews","Twenty-seven provincial public policies","2011–2014","Adaptive governance linked to adaptive policymaking and transition management","Complex Adaptive Systems","Supportive / advocated","Multi-stakeholder deliberation; foresight; social networking","Regulatory inflexibility; differing motivations","ADAPTool implementation across Canadian provinces","Integrated analysis; automatic adjustment; decentralization; formal review","Examines decentralization and power distribution","Equitable access to resources","Automatic policy adjustment; deliberation; feedback loops","Formal review; decentralization","Centralized approvals; limited monitoring support","Linked to resilience; adaptive policy; sustainable development","Policies treated as experiments rather than static instruments","Provincial; Regional; Municipal","Empirical policy tool application and interviews","""New modes of adaptive governance are needed to initiate transition management.""","Empirical adaptive policy assessment study"
"138","Thomalla et al. (2018)","Transforming Development and Disaster Risk","10.3390/su10051458","Global","Disaster risk reduction; Development; Climate adaptation","2005–2015","Literature review","Development–disaster risk relationship","Not reported","Approach promoting iterative, context-specific problem solving responding to new insights","Transformation; Social–Ecological Systems; Equitable Resilience","Supportive / advocated","Polycentric institutions; participation; social learning","Power inequalities; hierarchical governance","Evidence synthesized within Sendai Framework literature","Triple-loop learning; knowledge pooling; polycentric institutions","Challenges existing power relations and vested interests","Equity and social justice central to resilience","Retrospective and prospective learning; experimentation","Cross-sector institutional linkages; self-organizing groups","Institutional silos; locked-in development pathways","Linked to resilience; transformation; sustainable development","Distinguished by catalyzing radical rather than incremental change","Multilevel","Literature synthesis","""Adaptive governance promotes iterative, context-specific problem-solving processes...""","Conceptual synthesis linking adaptive governance and transformation"
"140","Cleaver & Whaley (2018)","Understanding process, power, and meaning in adaptive governance: A critical institutional reading","10.5751/ES-10212-230249","Sweden and Tanzania","Environmental and natural resource governance","2002–2016 case studies","Literature review and comparative critical institutional analysis","Adaptive governance theory and two case studies","Empirical illustrations drawn from secondary sources: Coastal Ring organization emergence around 2002-2004 (Sandstrom 2008); SWAUM pilot project 2011-2016 with 2016 evaluation","Broader social arrangements across scales facilitating adaptive co-management through learning and linkages","Critical Institutionalism; Institutional Bricolage; SES","Critical","Adaptive capacity; flexible institutions; social learning","Normative bias; apolitical social capital; overemphasis on trust","Analysis of Coastal Ring (Sweden) and SWAUM project (Tanzania)","Inclusive dialogue; shadow networks; polycentricity","Strong emphasis on visible and hidden power","Resource access; voice; livelihoods; social justice","Institutional bricolage; social learning; power sharing","Nested cross-scale institutions; enabling legislation","Rigid management; top-down systems","Linked to adaptive management; co-management; resilience","Distinguished by prioritizing resilience over efficiency and management as hypothesis testing","Local to Global","Comparative theoretical synthesis","""Adaptive governance... is understood as the broader social arrangements operating across multiple scales.""","Critical institutional analysis"
"141","Chomba et al. (2019)","A Social Exchange Analysis of Adaptive Governance in Water Allocation Processes, the Kafue Flats, Zambia","10.5334/ijc.900","Kafue Flats, Zambia","Water allocation; Hydropower; Irrigation","1977–present","Longitudinal case study using interviews, workshops and document analysis","Relations among water users","1977–2017","Social conditions enabling interactions through which actors pursue mutually desired water allocation outcomes under uncertainty","Social Exchange Theory; Resilience Theory","Supportive / analytical","Leadership; social capital; learning; non-state actors","Dependence; contested claims; weak legitimacy","Tripartite Agreement; Integrated Water Resources Management project","Trust; leadership; social learning; multilevel governance","Examines social power and infrastructure control","Equitable allocation; empowerment of disadvantaged groups","Dialogue; negotiation; joint decision making","Catchment councils; reference groups","Water Act ambiguity; centralized utilities","Linked to resilience; co-management; polycentric governance","Distinguished by emphasizing social interactions and competing claims","Catchment; Sub-catchment; National","Longitudinal interviews and workshops","""Adaptive governance alludes to the social conditions that enable the range of interactions...""","Longitudinal water allocation governance study"
"142","Schultz et al. (2019)","Policy tools to address scale mismatches: Insights from U.S. forest governance","10.5751/ES-10703-240121","USA","Forest governance; Ecological monitoring","1960s–present","Empirical policy synthesis","Landscape restoration and multilevel monitoring policy tools","Recent policy changes over roughly the past decade+; empirical observations drawn from the authors' cited studies (approx. 2012-2019), spanning implementation of CFLRP (post-2009) and 2012 NFMA monitoring rule implementation (early stages)","Environmental governance allowing emergence of collective action while adapting and evolving","Adaptive Governance; Scale Theory","Supportive / advocated","Boundary work; bridging activities; legal mandates; partnerships","Scale mismatches; bureaucratic rigidity","Collaborative Forest Landscape Restoration Program; Joint Chiefs Landscape Restoration Partnership","Reflexivity; participation; nested institutions; tangible support","Examines bureaucratic dominance and distribution of legitimacy","Participation of marginalized groups","Boundary work; iterative objective refinement","Multiyear funding; legal mandates; collaborative proposals","Annual funding cycles; jurisdictional rigidity; performance measures","Linked to collaborative governance; resilience; adaptive management","Distinguished by collective action and scale flexibility","Local; Regional; National; Forest landscape","Empirical synthesis of policy implementation","""Adaptive governance allows emergence of collective action capable of facilitating adaptation to change...""","Policy synthesis of adaptive forest governance"
"143","Restemeyer et al. (2018)","Resilience unpacked – framing of ‘uncertainty’ and ‘adaptability’ in long-term flood risk management strategies for London and Rotterdam","10.1080/09654313.2018.1490393","London (UK) and Rotterdam (Netherlands)","Flood risk management; Spatial planning","Long-term planning to 2100","Policy framing analysis; document analysis; 14 interviews; participant observation","Thames Estuary 2100 Plan and Dutch Delta Programme","2002–2015","Not explicitly defined; associated with integrated and adaptive governance accepting uncertainty as unavoidable and promoting adaptive capacity","Evolutionary Resilience; Policy Framing","Critical / analytical","Evidence base; joint fact-finding; collaborative knowledge development","Technocratic culture; technocentric policy regime; weak local buy-in; limited local resources","Route-map approach (TE2100); Adaptive Delta Management","Triggers for change; adaptation pathways; tipping points","Examines depoliticization and political choices surrounding monitoring","Public good; differences in adaptive capacity","Scenario planning; monitoring; learning by doing","Consensus-based institutions; long-standing governance capacity","Sunk infrastructure costs; fragmented authority; weak local capacity","Linked to resilience; adaptive management; adaptive capacity","Distinguished from predict-and-control governance by embracing uncertainty and adaptation pathways","Local; Regional; National","Qualitative interviews, policy documents and observation","""The emergence of ‘adaptive’ long-term flood risk management strategies is accompanied by a new policy language...""","Comparative policy framing study"
"144","Jetoo (2018)","Multi-level governance innovations of the Baltic Sea and the North American Great Lakes: New actors and their roles in building adaptive capacity for eutrophication governance","10.1016/j.marpol.2018.09.020","Baltic Sea and Laurentian Great Lakes","Water quality; Eutrophication governance","1950s–2017","Qualitative study using literature, policy documents and interviews","Governance innovations and non-state actors","Not reported","Governance enabling society to adapt to disturbances through dynamic, multiscalar social-ecological-institutional systems","Multi-level Governance; Adaptive Capacity","Supportive / advocated","Participation; science; networks; leadership; flexibility; resources","Governance failure; uncertainty; budget constraints","IAGLR; Baltic Sea Action Group","Participation; science; networks; leadership; flexibility; resources","Political mobilization across boundaries; blurred policymaker–policy receiver roles","Participation enhances legitimacy","Information feedback loops; crowdsourcing; knowledge transfer","Voluntary networks; cooperative governance mechanisms","Inflexible legal measures; governance gaps","Linked to resilience; adaptive capacity; ecosystem restoration","Distinguished from traditional government steering through multilevel, informal governance","Transnational; Regional; Local","Qualitative comparative case studies","""Adaptive capacity will be built when there are mechanisms for information feedback loops...""","Comparative study of governance innovations"
"145","Munene et al. (2018)","Adaptive governance as a catalyst for transforming the relationship between development and disaster risk through the Sendai Framework?","10.1016/j.ijdrr.2018.01.021","Global","Disaster risk reduction; Sustainable development","2015–2030 (Sendai Framework)","Content and thematic analysis","Sendai Framework","The Sendai Framework for Disaster Risk Reduction 2015-2030 text (adopted 2015); analysis conducted circa 2016-2018; no longitudinal empirical fieldwork window","Range of interactions among actors, organizations and institutions pursuing desired SES outcomes","Social–Ecological Systems; Adaptive Governance","Supportive / advocated","Collaboration; multilevel collective action; continuous learning","Elite capture; political and institutional barriers; power struggles; transaction costs","Adaptive governance principles embedded in the Sendai Framework","Polycentric institutions; participation; networks; learning and innovation","Explicitly addresses politics and power tensions","Equitable development; social justice","Continuous learning; feedback loops; monitoring; peer learning","Polycentric governance; federalism; cooperative decision-making","Red tape; autocratic systems; stringent mandates","Linked to resilience; development; disaster risk","Distinguished from conventional governance through creativity and SES complexity","Global; Regional; National; Local","Qualitative content analysis","""Adaptive governance has been identified as a mechanism through which to fundamentally change the relationship between development and disaster risk.""","Conceptual analysis of the Sendai Framework"
"146","Sharma-Wallace et al. (2018)","Adaptive governance good practice: Show me the evidence!","10.1016/j.jenvman.2018.05.067","Global","Environmental management (water, fisheries, forestry, agriculture, natural hazards)","2003–2016","Systematic literature review","Ninety-two empirical adaptive governance cases","2003–2016","Environmental governance emphasizing flexibility, resilience and capacity for change","Social–Ecological Systems; Governance Design Principles","Supportive / advocated","Meaningful collaboration; social capital; community empowerment; leadership","Institutional barriers; uneven power; limited understanding of mechanisms","Systematic synthesis of 92 empirical cases","Case-specific social-ecological indicators; collective learning framework","Emphasizes political astuteness and power differentials","Equity recognized but understudied","Learning by doing; pilot projects; monitoring; mediation","Polycentric governance; formal and informal collaboration","Top-down governance; weak institutional memory","Linked to adaptive management; resilience","Distinguished by expanding adaptive management to include the social context","Local; Regional; Larger scales","Systematic review","""Adaptive governance expressly refuses a narrow focus on linear management...""","Systematic review of adaptive governance evidence"
"147","Armstrong & Kamieniecki (2017)","Strategic Adaptive Governance and Climate Change: Policymaking during Extreme Political Upheaval","10.3390/su9071244","California, USA","Climate policy; Greenhouse gas emissions","2006–2017","Case study and qualitative policy analysis","California Global Warming Solutions Act (AB32)","2006–2017","Evolution of governance institutions developing long-term policy solutions through coordinated efforts among users, authorities and interests","Strategic Adaptive Governance","Mixed","Intensive inquiry; learning-by-doing; regulatory autonomy","Political upheaval; institutional inertia; partisanship; information costs","Implementation of AB32 by California Air Resources Board","Model assessment criteria (high/moderate/low alignment)","Explicit focus on politics, power struggles and central authorities","Environmental justice litigation and equity concerns","Five-year scoping plans; trans-hierarchical collaboration","Autonomous regulatory agencies; decentralized networks","Federal retreat; electoral cycles; rigid mandates","Linked to resilience; multilevel governance; adaptation","Distinguished by incorporating strategic politics into adaptive governance","Federal; State; Local","Legislation and policy evaluation","""Strategic adaptive governance provides a generic and universal framework...""","Conceptual extension of adaptive governance"
"148","Fournier et al. (2016)","Flood risk mitigation in Europe: How far away are we from the aspired forms of adaptive governance?","10.5751/ES-08991-210449","Belgium, England, France, Netherlands, Poland and Sweden","Flood risk mitigation","Past 20 years","Comparative legal and policy analysis with interviews","Flood mitigation governance systems","Not reported","Governance process where multiactor collaboration across scales provides feedback mechanisms for responding to environmental challenges","Resilience Thinking","Supportive / advocated","Multiactor networks; flexibility; learning opportunities","Low awareness; limited flood experience; financial constraints","Sigma Plan; Room for the River; Lead Local Flood Authorities","Multilevel governance; multiactor networks; flexibility; scale; learning","Power sharing and political legitimacy","Legitimacy; access to justice","Feedback; experimentation; monitoring","Legal clarity; proactive governance","Rigid legal frameworks; administrative boundaries","Linked to resilience; transformability; vulnerability","Distinguished from traditional flood control by accommodating water","Local; Regional; National; Catchment","Comparative interviews and legal analysis","""Adaptive governance is defined... as a governance process whereby multiactor collaboration...""","Comparative European governance study"
"149","Priest et al. (2016)","The European Union approach to flood risk management and improving societal resilience","10.5751/ES-08913-210450","Belgium, England, France, Netherlands, Poland and Sweden","Flood risk management","2007–2015","Comparative legal and policy analysis with stakeholder interviews","Implementation of the EU Floods Directive","2007–2015","Governance enabling society to adapt through multiscalar social-ecological systems","Social-Ecological Resilience","Neutral / analytical","Six-year planning cycle; river basin governance","Weak substantive obligations; policy discretion; enforcement gaps","River basin cooperation and harmonized planning cycles","Six evaluation criteria","Power devolution; solidarity principle","Access to justice; legitimacy","Iterative decision-making; monitoring and evaluation","River basin approach; integrated legal frameworks","Procedural rather than substantive obligations","Linked to adaptive capacity; sustainable development","Distinguished by managing dynamic multiscalar systems","EU; National; River basin","Comparative legal analysis","""Adaptive governance recognizes and incorporates the need to manage complexity and uncertainty...""","Comparative EU policy evaluation"
"150","Goytia et al. (2016)","Dealing with change and uncertainty within the regulatory frameworks for flood defense infrastructure in selected European countries","10.5751/ES-08908-210423","England, France, Sweden and the Netherlands","Water law; Flood defense infrastructure","Current regulations and long-term planning","Comparative legal analysis","Flood defense legislation","Not reported","Approach developed to understand and cope with changing conditions and uncertainty","Adaptive Governance; Resilience and Law","Supportive / advocated","Performance-based rules; integrative assessment; time-limited licensing","Infrastructure rigidity; legal certainty requirements","TE2100 phased expansion; revised Dutch safety standards","Flexibility; subsidiarity; iterativity; connectivity","Examines political legitimacy of flood defense","Liability; accountability","Time-bounded reviews; risk studies; safety management systems","Public powers; cooperative governance","Existing infrastructure; rigid administration","Linked to resilience; social-ecological systems","Distinguished by focus on uncertainty rather than steady-state management","Local; Regional; National","Comparative statutory and legal analysis","""Adaptive governance provides the information, flexibility, coordination, and conflict resolution...""","Comparative legal governance study"
"151","Feingold et al. (2018)","The City Blueprint Approach: Urban Water Management and Governance in Cities in the U.S.","10.1007/s00267-017-0952-y","USA (six cities)","Urban water management; Climate change","1900–2008 historical context; 2060 projections","Indicator assessment and governance capacity framework using interviews","Six U.S. cities","Summer 2016","Not explicitly defined; associated with continuous learning and anticipatory water governance","City Blueprint Approach","Supportive / advocated","Integrated planning; community engagement","Weak monitoring; declining trust; hierarchical structures","OneNYC Plan","Twenty-seven governance indicators across nine conditions","Examines dominance of city agencies","Stakeholder inclusiveness; protection of core values","Smart monitoring; three-loop social learning; workshops","Clear responsibilities; statutory compliance","Limited room for maneuver; internal evaluations","Linked to IWRM; capacity building","Not explicitly distinguished","City / Local","Governance capacity assessment and interviews","""Continuous learning and social learning are essential...""","Urban governance capacity assessment"
"154","Arnold et al. (2017)","Cross-interdisciplinary insights into adaptive governance and resilience","10.5751/ES-09734-220414","North American river basins","Water basin resilience","Historical to present","Qualitative meta-analysis of six interdisciplinary basin assessments","Interdisciplinary resilience assessment texts","2013–2016 project period","Governance enabling society to adapt through dynamic, multiscalar social-ecological-institutional systems","Social-Ecological-Institutional Systems; Panarchy","Supportive / advocated","Polycentric governance; multistakeholder networks; social capital; legal flexibility","Maladaptive single-system focus; rigid rules; institutional entrenchment","Adaptive management and restoration initiatives in Platte Basin","Goals; structure; methods; resources","Examines conflict over power and interest-group influence","Explicit attention to indigenous marginalization and social justice","Feedback loops; scenario planning; socio-cognitive reframing","Subsidiarity; modular governance; authority to act","Fragmented authority; legal resistance to change","Linked to resilience; ecosystem services","Distinguished from adaptive management by focusing on governance goals and decision-making","Federal; State; Local; Hybrid","Qualitative interdisciplinary meta-analysis","""Adaptive governance is governance that enables society to adapt to disturbances and changes...""","Interdisciplinary synthesis of adaptive governance and resilience"
"155","Huber-Stearns & Cheng (2017)","The evolving role of government in the adaptive governance of freshwater social-ecological systems in the western US","10.1016/j.envsci.2017.07.011","Western United States (11 states)","Freshwater management; Ecosystem services","1950s–2013","Census survey (online and phone) and desk research","Investments in Watershed Services (IWS) programs","2011–2013","Framework providing environmental managers and decision makers with the capacity to confront uncertainty in complex social-ecological systems through multilevel networks","Social-Ecological Systems (SES); Adaptive Governance","Supportive / advocated","Multilevel networks; bottom-up and top-down decision making; balanced centralized and decentralized control","Political–ecological mismatches; uneven water distribution; institutional time lags","Analysis of 48 active IWS programs","Government participation; regulatory influence; government-managed land enrolled","Examines transition from command-and-control government to collaborative governance","Largely not addressed; equity/justice not discussed; legitimacy touched on only briefly regarding legal frameworks being ""slower to acknowledge the legitimate value of instream augmentation"" and accountability in nested governance arrangements (pp.46)","Political and market mechanisms; multilevel networks; exploratory learning","Federal regulatory authority; state legislation","Fragmented and reactionary legal frameworks","Linked to social-ecological resilience and federalism","Distinguished from command-and-control governance by flexibility and voluntary incentive-based approaches","Local; State; Federal","Quantitative census survey and desk research","""Adaptive governance provides the capacity for environmental managers and decision makers to confront variable degrees of uncertainty...""","Empirical study of freshwater adaptive governance"
"156","Hodge & Adams (2016)","Short-Term Projects versus Adaptive Governance: Conflicting Demands in the Management of Ecological Restoration","10.3390/land5040039","United Kingdom","Ecological restoration; Biodiversity conservation","1995–2012","Survey, 27 interviews, thematic analysis and conceptual thought experiment","Large-scale conservation initiatives","January–September 2012","Process whereby institutional arrangements and ecological knowledge are continually tested and revised through learning-by-doing","New Public Management (NPM); Public Value Management (PVM)","Mixed","Stakeholder networks; trust; shared ownership","Short-term funding; projectification; funder control","Experiences of UK restoration managers","Institutional flexibility; monitoring; collaborative learning","Examines influence of funders and neoliberal governance","Stakeholder legitimacy and democracy","Iterative learning; reflection; lesson drawing; continuous adaptation","Enabling legislation; core public funding; collaborative learning arenas","Administrative short-termism; rigid management; fixed project timelines","Linked to adaptive co-management; resilience; Public Value Management","Distinguished from short-term projects by emphasizing long-term learning and experimentation","Local; Regional; National / EU","Qualitative interviews and conceptual synthesis","""Adaptive governance recognizes complexity and provides for long-term learning, building networks and adaptive responses.""","Empirical and conceptual analysis of ecological restoration"
"157","Ayre & Nettle (2017)","Enacting resilience for adaptive water governance: A case study of irrigation modernization in an Australian catchment","10.5751/ES-09256-220301","Goulburn Murray Irrigation District, Australia","Water management; Irrigated agriculture","2012–2014","Action research; participant observation; interviews; focus groups; document analysis","Irrigation modernization and dairy governance practices","March 2012–November 2014","Collaborative, flexible and learning-based governance relying on multilevel networks of people and organizations","Resilience Thinking; Science and Technology Studies; Actor-Network Theory","Supportive / advocated","Collaborative capacity; empathic leadership; trust; resilience assessment tools","Policy uncertainty; contested activities; unclear timelines","Joint strategic actions; governance workbook","Organizational engagement metaphor; five strategic priorities","Examines state roles and agricultural governance","Water justice; equitable distribution of costs and benefits","Social learning; collective action; deliberation; reflexivity","New alliances; informal networks; communities of practice","Government-driven governance arrangements","Linked to resilience; collective action; social learning","Distinguished from traditional government steering through decentralization and networks","Local; Regional; State; National","Empirical action research","""Adaptive governance is... collaborative, flexible, and learning-based and relies on networks of people and organizations...""","Action research on adaptive irrigation governance"
"158","Craig et al. (2017)","Balancing stability and flexibility in adaptive governance: An analysis of tools available in U.S. environmental law","10.5751/ES-08983-220203","United States","Environmental law; Natural resources","Contemporary / Anthropocene era; references span from 1066 (feudal land tenure), U.S. Constitution and Bill of Rights, 19th-20th century water compacts and zoning, through 20th-21st century climate change; forward-looking to ""next decades"" and ""next few centuries""","Conceptual legal analysis","Governance structures and legal tools","Not reported","Governance regime capable of repeated adaptive calibration as stability and flexibility requirements change","Resilience; Panarchy; Procedural Justice","Supportive / advocated","Shared decision making; transparency; accountability; conflict resolution","Rigidity traps; arbitrariness; barriers to legal innovation","New York City watersheds; Colorado River; California AB32","Balance between stability and flexibility","Discusses separation of powers and distrust in government","Procedural and deliberative legitimacy","Delegation of authority; amendment mechanisms; regulatory floors and ceilings","Shared rules; independent venues; information-rich environments","Stationarity; rigid federal administrative law","Linked to resilience thinking and adaptive management","Distinguished by balancing flexibility with institutional stability","Local; State; Tribal; Federal","Conceptual legal analysis with policy examples","""Adaptive governance generally will require more flexibility than prior governance institutions have often allowed.""","Conceptual legal analysis"
"159","Cosens et al. (2017)","The role of law in adaptive governance","10.5751/ES-08731-220130","North America and Australia","Environmental governance; Water law","2014–2017","Meta-analysis of interdisciplinary basin assessments","Role of law in watershed governance","Not reported","Range of interactions among actors, organizations and institutions pursuing desired SES outcomes","Resilience Theory; Good Governance; Administrative Law","Supportive / advocated","Polycentricity; integration; nesting; participatory capacity","Top-down rigidity; fragmentation; management capture","Native American water settlements; Australian water reforms","Governance structure; capacity; process indicators","Examines power struggles and legal redistribution of power","Legitimacy; equity; procedural justice","Adaptive management; adaptive planning; regulated water markets; double-loop learning","Enabling legislation; polycentricity; defined rights","ESA rigidity; Federal Advisory Committee Act constraints","Linked to resilience and good governance","Distinguishes government (formal, stable structure) from governance (broader, emergent) and stresses adaptive governance emerges within stable government; distinguishes subsidiarity from full devolution (nesting required); distinguishes adaptive governance from good governance while overlaying good-governance normative principles (relationship ""beyond our scope""); notes adaptive management is only one tool, suited to high uncertainty/controllability and purely science-based feedback, unlike messy socio-economic governance decisions","Local; State; Tribal; Federal; Supranational","Meta-analysis and legal synthesis","""The law can and, in fact, must be made adaptive to facilitate and even trigger the emergence of adaptive governance.""","Interdisciplinary legal synthesis"
"160","Gosnell et al. (2017)","Transforming (perceived) rigidity in environmental law through adaptive governance: A case of Endangered Species Act implementation","10.5751/ES-09887-220442","Klamath Basin, USA","Biodiversity governance; Water management","1988–2017","Qualitative research; document analysis; 100+ interviews","Implementation of Section 7 of the Endangered Species Act","2008–2017","Governance institutions emerging to flexibly manage SESs for resilience under changing conditions","Social-Ecological Systems; Adaptive Governance; Integrated Natural Resource Management","Supportive / advocated","Trust; empathic leadership; shared responsibility; collaborative modelling","Recurring crises; tribal power conflicts; politicization","Joint Biological Opinion (2013)","Agency coordination; shared data; daily modelling updates","Examines changing tribal–irrigator power relations","Water justice; legitimacy; participatory democracy","Social and technical learning; hydrologic modelling; empathic leadership","Interagency collaboration; cross-scale governance venues","Rigid ESA consultation procedures; agency division of responsibilities","Linked to resilience; adaptive capacity; participatory governance","AG treated as the overarching ""resilience-based governance"" frame that emerges to flexibly manage SESs; distinguished from mere collaboration (collaboration does not ensure authentic participation and ""can perpetuate structural inequalities""); contrasted with fragmented, single-species, optimizing management; positioned as institutionalized/emergent governance transformation rather than one-off collaboration; law's role in enabling/institutionalizing AG emphasized; adaptive management framed as a real-time operational component nested within adaptive governance","Basin; Federal; Local","Qualitative interviews and longitudinal fieldwork","""Section 7 consultation has the potential to serve as a forum for learning... and stimulating adaptive governance.""","Empirical case study of adaptive ESA implementation"
"161","Van Assche et al. (2017)","Power/knowledge and natural resource management: Foucaultian foundations in the analysis of adaptive governance","10.1080/1523908X.2017.1338560","General / Global","Natural resource management; Environmental policy","Not reported","Conceptual theoretical framework","Power/knowledge dynamics and governance paths","Not reported","Adaptive governance presented as an outcome of governance capable of continual assessment and adaptation","Foucault's Power/Knowledge; Social-Ecological Systems","Supportive / critical","Reflexivity; observational capacity; inclusive governance","Structural power; discursive power; resource dependency; identity politics","Conceptual illustrations only","Governance paths; knowing vs. managing","Power and knowledge are central analytical focus","Environmental and social justice","Double-loop learning; triple-loop learning; self-organization","Transparent and inclusive governance","Path dependency; rigid power configurations","Linked to SES and livelihoods","Distinguished by acknowledging limits of steering and hidden power","Multi-level","Conceptual analysis","""Knowledge of the governance path is therefore essential for the understanding of adaptive capacity...""","Conceptual Foucaultian analysis"
"164","Wardropper et al. (2017)","Uncertain monitoring and modeling in a watershed nonpoint pollution program","10.1016/j.landusepol.2017.07.016","Yahara Watershed, Wisconsin, USA","Water quality; Land use","2012–2016","Case study; interviews; survey; participant observation; document analysis","Watershed Adaptive Management Option pilot","2012–2016","Governance addressing dynamic multiscale SESs through monitoring and modelling","Experimentalist Governance; Social-Ecological Systems","Pragmatic / supportive","Partnerships; stakeholder dialogue; extended compliance periods","Monitoring uncertainty; forecasting uncertainty; participant risk","Yahara Watershed Improvement Network","Phosphorus levels; BMP adoption; SWAT and SNAP-Plus models","Addresses institutional power differences and negotiations","Fairness; legitimacy of indicators","Information feedback; iterative monitoring; experimentation","WAMO; Memorandum of Understanding; decentralized governance","Traditional regulation; techno-rational culture; administrative silos","Linked to experimentalist governance; adaptive management","Distinguished from top-down governance through decentralized learning","Local; State; Federal","Mixed qualitative and quantitative evidence","""Adaptive policies rely on measurement and modeling to track outcomes...""","Empirical watershed governance study"
"165","Pupphachai & Zuidema (2017)","Sustainability indicators: A tool to generate learning and adaptation in sustainable urban development","10.1016/j.ecolind.2016.09.016","Belgium; Denmark; Netherlands; USA","Sustainable urban development; Planning","Multi-year (>3 years)","Comparative case study using interviews and document analysis","Urban sustainability indicator systems","Cases selected for having more than three years of experience with SIs, allowing analysis of influence ""over time"" (p.787); no fixed calendar window stated; illustrative events referenced (e.g., 2012, late 2013, 1 January 2014)","Flexible, experimental governance in which policies and institutions continuously adapt to emerging knowledge","Complexity Science; Social Learning; Adaptive Governance","Supportive / advocated","Accessible indicators; communication; knowledge sharing","Path dependency; expert-driven design; technical complexity","Urban sustainability indicator systems","CO₂ emissions; transport; social cohesion; employment","Discusses political influence and learning among cities","Indicators should be legitimate, credible and salient","Learning-by-doing; benchmarking; structured argumentation","Knowledge platforms; sustainability centres","Isolated databases; governance disconnect","Linked to social learning; sustainable development","Distinguished from linear governance by continuous adaptation","Urban; Regional","Comparative empirical case studies","""Adaptive governance emphasizes a flexible, experimental and adaptive process of governance.""","Comparative study of sustainability indicators"
"166","Blekking et al. (2017)","Adaptive Governance and Market Heterogeneity: An Institutional Analysis of an Urban Food System in Sub-Saharan Africa","10.3390/su9122191","Lusaka, Zambia","Urban food systems; Food security","2017","Institutional analysis using household, market and vendor surveys","Urban food markets and governance arrangements","March–April 2017","Not explicitly defined; linked to coordination of formal and informal actors enabling flexible urban food systems","Institutional Analysis and Development (IAD)","Supportive / advocated","Effective feedback loops; mixed top-down and bottom-up governance","Food price shocks; weak legitimacy; deteriorating infrastructure","Mixed governance arrangements in Lusaka markets","Levy fees; food prices; market experience; purchasing frequency","Examines power allocation through formal and informal institutions","Food affordability; legitimacy of street vendors","Feedback loops; informal governance; consumer interaction","Market Advisory Committees; Department of Cooperatives","Weak council presence; ineffective enforcement; poor feedback","Linked to food security; informal economy; livelihoods","Not explicitly distinguished","Municipal; Neighbourhood","Household, market and vendor surveys","""Adaptive governance... allows for system flexibility and capability in meeting low-income consumer demand...""","Empirical institutional analysis of urban food governance"
"167","Novellie et al. (2016)","National laws and policies can enable or confound adaptive governance: Examples from South African national parks","10.1016/j.envsci.2016.08.005","South Africa","Environmental governance; Biodiversity conservation","1976–2003","Case study; comparative assessment of statutes","SANParks management system and legislation","1997–2014","Environmental governance suitable for complex and unpredictable social-ecological systems undergoing rapid environmental change","Strategic Adaptive Management (SAM); Social-Ecological Systems","Supportive / advocated","Participation across levels; experimentation; knowledge co-production","Stationarity; scale mismatches; annual budget cycles","Implementation of Strategic Adaptive Management (SAM) within SANParks","Management plan reviews; co-management agreements; flexible financing","Examines political controversy and misuse of adaptive governance rhetoric","Legitimacy; protection against dominance by interest groups","Monitoring; reflection; social learning; management plan review","Polycentric governance; enabling legislation; co-produced rules","Command-and-control governance; rigid operational rules; lack of revision mandates","Linked to adaptive management; resilience; polycentric governance","Governance provides the context within which adaptive management operates","National to Local (multi-level)","Qualitative legislative and institutional assessment","""Unless the governance system is itself adaptive then adaptive management has little chance of achieving either legitimacy or success.""","Empirical legal and institutional case study"
"168","Gunderson et al. (2016)","Adaptive governance of riverine and wetland ecosystem goods and services","10.1016/j.jenvman.2016.05.024","USA (Columbia River Basin; Everglades)","Water systems; Ecosystem services","1900–present","Comparative historical case studies","River basin governance systems","Historical observation window spanning roughly the last ""quarter century"" of AG/AM development and the 20th-21st century management histories of the two systems (Everglades eras 1900-present; Columbia pre-contact to present, focusing 1930s-2016)","Set of institutions and frameworks facilitating adaptive management","Resilience Theory; Panarchy; Social-Ecological Systems","Supportive / advocated","Polycentricity; formal and informal institutions; knowledge production","Environmental crises; institutional gridlock; funding shortages","Northwest Power and Conservation Council; South Florida Water Management District","Trade-offs among ecosystem services","Discusses authority, power and changing management eras","Environmental justice; legitimacy; inequality","Learning-by-experimenting; deliberation; cross-scale interaction","Polycentric organizations; multilevel authority","Top-down control; fragmented authority; narrow interest capture","Linked to adaptive management; resilience; ecosystem services","Distinguishes governance (all actors) from government (state institutions)","Local to International","Comparative historical synthesis","""Adaptive governance provides a context for managing known and unknown consequences...""","Comparative synthesis of major river systems"
"169","DeCaro et al. (2017)","Understanding and applying principles of social cognition and decision making in adaptive environmental governance","10.5751/ES-09154-220133","USA","Environmental governance; Water management","2006–2017","Conceptual synthesis and review","Decision making, psychology and institutional rules","Not reported","Legal and institutional systems embracing the complexity of SESs","Social Cognition; Procedural Justice; Self-Determination Theory","Supportive / analytical","Collaborative problem solving; voluntary commitment; trust","Cognitive biases; loss aversion; symbolic politics","Klamath River Basin Restoration Agreement; California AB32","Procedural justice; motivation; social acceptance","Strong focus on political power and symbolic policymaking","Procedural justice; legitimacy; environmental justice","Social learning; participatory democracy; iterative rule design","Community governance; graduated sanctions; quasi-judicial processes","Rigid water allocation rules; structural inequities","Linked to resilience; Panarchy; new governance","Distinguished by experimentation and flexibility","Federal; State; Regional; Local","Psychological and legal synthesis","""Adaptive governance systems are characterized by experimentation, flexibility, creative problem solving...""","Interdisciplinary conceptual synthesis"
"170","Koop et al. (2017)","Assessing the Governance Capacity of Cities to Address Challenges of Water, Waste, and Climate Change","10.1007/s11269-017-1677-7","Amsterdam, Netherlands","Urban water governance; Waste; Climate change","2030–2100 projections","Governance Capacity Framework; interviews; indicator scoring","Urban governance capacity","2016–2017","Adaptive governance linked to governance capacity enabling effective change","City Blueprint; Triple-loop Learning","Supportive / advocated","Awareness; visionary leadership; multilevel networks","Governance gaps; fragmentation; path dependency","Amsterdam governance capacity assessment","27 governance indicators","Addresses dominant discourse and exercise of power","Stakeholder inclusiveness; protection of core values","Smart monitoring; triple-loop learning","Room to manoeuvre; visionary agents; clear responsibilities","Fragmentation; commercial values; weak institutional memory","Linked to IWRM; adaptive management; anticipatory governance","Governance capacity is a precondition enabling adaptive governance","City / Local","Indicator assessment and expert interviews","""Governance capacity... is a precondition or enabler for effective change.""","Empirical governance capacity assessment"
"171","Ison et al. (2015)","Institutionalising social learning: Towards systemic and adaptive governance","10.1016/j.envsci.2014.11.002","Global","Water management; Climate adaptation","1960s–present","Critical reflexive inquiry","Institutional design and policy processes","2000–2013","Cyber-systemic governance responding to feedback through stakeholder interaction","Social Learning; Cyber-systemics; Critical Institutionalism","Supportive / advocated","Reflexivity; dialogue; facilitation; relational capital","Projectification; technical rationality; administrative short-termism","Water governance experiments in several countries","Boundary judgments; systemic vs knowledge-based governance","Explicit discussion of power-over, power-with and power-to","Equity in participation","Feedback; social learning; satisficing","Institutions as social technologies","Short-termism; locked-in development trajectories","Linked to wicked problems; co-evolution","Distinguished from systematic linear governance through systemic feedback","Multi-level","Reflexive synthesis","""Governance... operates at multiple levels... and responds to feedback processes.""","Foundational conceptual paper on systemic adaptive governance"
"172","Schaller et al. (2016)","Opportunities and barriers for urban adaptation to climate change in Latin America. Cases of Mexico City, Lima and Santiago de Chile; [Oportunidades y obstáculos para la adaptación urbana frente al cambio climático en América Latina. Casos de la Ciudad de México, Lima y Santiago de Chile]","10.4067/S0250-71612016000300011","Mexico; Peru; Chile","Urban development; Climate adaptation","2012","Comparative qualitative case study; expert interviews","Urban planners and decision makers","2012","Governance linking legal structures with adaptive management under uncertainty","Institutional Environment Framework","Supportive / advocated","Mainstreaming; national mandates; participation","Bureaucratic routines; staff turnover; neoliberal governance","Urban adaptation strategies in Latin America","Adaptation strategies; environmental budgets; institutional memory","Discusses decision-makers and influence","Social justice; equitable distribution","Learning-by-doing; lobbying; mainstreaming","National mandates; institutional exchange","Fiscal federalism; regulatory conflicts","Linked to mainstreaming; resilience; multilevel governance","Not explicitly distinguished","Local; Regional; National","Expert interviews and document analysis","""Mainstreaming adaptation... should be included in existing sectoral procedures.""","Comparative Latin American urban adaptation study"
"173","Karpouzoglou et al. (2016)","Advancing adaptive governance of social-ecological systems through theoretical multiplicity","10.1016/j.envsci.2015.11.011","Global","Natural resource governance; Water governance","2005–2014","Systematic literature review","60 peer-reviewed articles","2005–2014","Process of resolving trade-offs and charting a course toward sustainability","Theoretical Multiplicity; Social-Ecological Systems","Supportive but critical","Adaptive capacity; collaboration; polycentricity","Elite capture; unequal power; neoliberal governance","Synthesis of adaptive governance literature","Adaptive capacity; collaboration; learning; scaling","Calls for greater attention to power and politics","Highlights equity and inclusion gaps","Learning-by-doing; experimentation; shared responsibility","Hybrid multilevel governance; co-production","Rigid top-down governance; institutional silos","Linked to adaptive management; resilience; transitions","Extends adaptive governance beyond ecosystem management into broader social complexity","Multi-level","Systematic review","""Theoretical multiplicity can... help address... power and politics, inclusion and equity.""","Systematic review of adaptive governance theory"
"174","Cosens & Chaffin (2016)","Adaptive Governance of Water Resources Shared with Indigenous Peoples: The Role of Law","10.3390/w8030097","North America; Australia","Water governance; Indigenous rights","Past three decades","Qualitative legal analysis","Collaborative water governance processes","Empirical events spanning roughly 1976-2015; Montana negotiations begun 1992 (settlement 1997); Klamath adjudication 1976 concluded 2013, 2001-2002 crises, 2006 FERC window, 2010 agreements, 2013 ""called the river""; Australian Native Title Act 1993, NWI 2004, Millennium Drought 1996-2010, Ngarrindjeri plan 2006, authority 2007, Riverprize 2015","Emergent phenomenon arising from interaction between local collaboration and government regulation","Adaptive Governance; New Governance; Administrative Law","Supportive / advocated","Self-organization; diplomacy; governance capacity building","Collaborative stalemate; institutional constraints","Klamath Basin; Ngarrindjeri Regional Authority","Learning capacity; polycentricity; integration","Focuses on law and changing power relations","Justice; equitable water distribution; legitimacy","Conflict resolution; trust; co-produced modelling","Transparent legal processes; devolved decision making","Rigid legal structures; constrained institutions","Linked to collaborative governance; co-management","Distinguishes governance from government","Multi-level","Longitudinal qualitative legal analysis","""Adaptive governance is an emergent phenomenon...""","Legal analysis of Indigenous water governance"
"175","Paille et al. (2016)","Influences on Adaptive Planning to Reduce Flood Risks among Parishes in South Louisiana","10.3390/w8020057","USA (South Louisiana)","Floodplain management","2006–2010","Regression analysis","Parish Community Rating System scores","2006–2013","Adaptive planning linked to proactive local governance","Resilience; Community Rating System","Supportive / advocated","Wealth; education; nested municipalities","Political opposition; historical resistance","Participation in Community Rating System","CRS scoring categories","Political will discussed","Social capital","Flood outreach; elevation certificates","Federal incentives; nested municipalities","NFIP funding deficits","Linked to resilience; adaptive planning","Not explicitly distinguished","Local; Federal","Quantitative regression analysis","""The CRS program... encourage[s] local governments to become more proactive and adaptive.""","Quantitative adaptive planning study"
"178","Moloney & Fünfgeld (2015)","Emergent processes of adaptive capacity building: Local government climate change alliances and networks in Melbourne","10.1016/j.uclim.2015.06.009","Melbourne, Australia","Climate adaptation; Local government","2002–2015","Critical review; document analysis; interviews","Climate Change Alliances","2002–2014","Governance characterized by self-organization, emergence and diverse leadership","Type II Multi-level Governance; Reflexive Learning","Supportive / advocated","Peer learning; trust; diverse leadership; shadow networks","Weak leadership; inconsistent policy; project-based funding","Regional climate alliances","Shared plans; peer-learning activities","Recognizes political processes","Attention to vulnerable communities","Reflexive learning; adaptive networks; advocacy","Task-specific governance; MoUs","Weak institutional architecture; command-and-control","Linked to resilience; transformation; multilevel governance","Distinguishes Type II from Type I governance","Local; Regional; State; National","Qualitative interviews","""Adaptive... governance moves away from a command and control paradigm...""","Empirical study of climate alliances"
"179","Vandergert et al. (2016)","Blending adaptive governance and institutional theory to explore urban resilience and sustainability strategies in the Rome metropolitan area","10.1080/19463138.2015.1102726","Italy (Rome)","Urban sustainability; Resilience","1999–2015","Qualitative case study; interviews; observation","Urban transition strategies","Empirical observation focused on the visioning/development phase of the three initiatives (several projects at early/visioning stage); observation of the regional agency conducted ""over several months""; interviews conducted around 2014 (p.133)","Bundle of formal and informal institutions working collaboratively across scales","Adaptive Governance; Institutional Theory","Supportive but critical","Institutional entrepreneurs; polycentricity; shared vision","Power asymmetries; path dependence; distributional conflict","I-Agri project; sustainable food systems","Power distribution; ideology; bargaining","Power relations are central","Social and environmental equity","Visioning; cross-scale bridging","Nested institutions; innovation agencies","Private property; vested interests","Linked to resilience; institutional theory","Institutional theory complements AG by explaining politics and equity","Local; Regional; National; EU","Qualitative interviews","""Current approaches to adaptive governance... not in addressing... social and environmental equity.""","Urban resilience case study"
"182","Bakkour et al. (2015)","The adaptive governance of natural disaster systems: Insights from the 2010 Mount Merapi eruption in Indonesia","10.1016/j.ijdrr.2015.05.006","Indonesia","Disaster risk reduction","2010–2012","Qualitative interviews and text analysis","Mount Merapi disaster governance","2011","Social structures and processes linking actors across organizational levels","Adaptive Capacity Framework","Supportive / advocated","Participation; multilevel governance; social networks","Poor coordination; bureaucracy; weak institutional memory","Merapi disaster response","Fatalities; displacement; warning systems","Discusses institutional power","Power and legitimacy to act","Learning; exploration; early warning","Disaster Management Law; BNPB; BPBD","Hierarchical bureaucracy; poor institutional coordination","Linked to resilience; adaptive capacity","AG presented as an emergent approach within environmental governance and an alternative for managing complex social-environmental problems including disasters; distinguished from DRR (DRR as systematic approach to manage disaster risks vs. AG as alternative approach for governing complex problems, citing Djalante et al.); adaptive capacity framed as the main objective of an AG model, with AG seen as enhancing resilience; notes adaptive capacity and resilience components ""are not easily separated""","Multilevel (national, province, district, sub-district, municipality, village/hamlet), with emphasis on the local/village scale as the main unit for risk management","Qualitative interviews","""Adaptive governance consists in social structures and processes linking individuals...""","Empirical disaster governance study"
"183","Shinn (2016)","Adaptive environmental governance of changing social-ecological systems: Empirical insights from the Okavango Delta, Botswana","10.1016/j.gloenvcha.2016.06.011","Botswana","Environmental governance; Rural livelihoods","2003–2014","Case study; interviews; surveys","Environmental governance system","2012–2014","Governance systems able to change practices based on new knowledge and experience","SES; Adaptive Management; Polycentric Governance","Mixed","Polycentric governance; decentralization; local leadership","Centralization; unequal power; resource shortages","Okavango Delta Management Plan","200-m rule; one-certificate policy","Strong emphasis on unequal power","Equitable resource use","Learning-by-doing; experimentation","Informal institutions; traditional authorities","Highly centralized governance; cumbersome regulation","Linked to adaptive management; adaptive capacity","Not explicitly distinguished","Local; District; National; International","Mixed-method empirical study","""Governance systems must account... for deep uncertainty.""","Critical empirical study emphasizing power"
"184","Varady et al. (2016)","Adaptive management and water security in a global context: Definitions, concepts, and examples","10.1016/j.cosust.2016.11.001","Global","Water governance; Water security","1996–present","Concept review and synthesis","Water governance paradigms","Not reported","Governance that is participatory, equitable and adaptive","IWRM; Resilience","Supportive / advocated","Participation; knowledge exchange; science-policy dialogue","Institutional barriers; monitoring costs; siloed governance","Global water governance examples","176 indicators of water security","Discusses transformation of power structures","Water justice; equitable access","Learning-by-experimenting; scenario planning","Science-policy co-production; governance networks","Centralized decision-making; supply-focused governance","Linked to water security; Nexus; vulnerability","Adaptive governance provides the context while adaptive management is the management process","Multi-scale","Concept review","""Adaptive management... is an iterative process that allows for uncertainty...""","Conceptual review of adaptive management and governance"
"185","Chaffin & Gunderson (2016)","Emergence, institutionalization and renewal: Rhythms of adaptive governance in complex social-ecological systems","10.1016/j.jenvman.2015.09.003","Global","Environmental governance","1980s–present","Theoretical synthesis","Governance dynamics in SES","Not reported","Environmental governance arising in systems characterized by complexity, uncertainty and change","Panarchy; Adaptive Cycle; Ecological Resilience","Supportive / advocated","Leadership; policy entrepreneurs; shadow networks","Rigidity traps; command-and-control; insufficient attention to power","Klamath River; Great Barrier Reef","Emergence and institutionalization phases","Explicit discussion of politics and changing power","Fairness; inclusiveness; transparency","Cross-scale interaction; trust-building; adaptive management","Bridging organizations; legal reform","Rigid governance; equilibrium-focused management","Linked to resilience; adaptive management; co-management","Resilience is descriptive whereas adaptive governance is normative and sustainability-oriented","Local to Global","Theoretical synthesis","""Adaptive governance provides the capacity... to confront uncertainty inherent to complex social-ecological systems.""","Foundational theoretical synthesis of adaptive governance"
"186","Lei et al. (2015)","Adaptive governance to typhoon disasters for coastal sustainability: A case study in Guangdong, China","10.1016/j.envsci.2015.07.016","Guangdong Province, China","Coastal disaster risk management; Typhoon disasters","1990–2014","Causal analysis of historical typhoon cases; conceptual modelling; interviews with government officials and practitioners","Social-ecological systems; Typhoon disaster management framework","1990–2014 (Typhoon Fanapi 2010 case)","Concept of managing uncertainty and change within coupled social-ecological systems through non-structural measures and resilience building","Social-Ecological Systems (SES); Resilience Theory","Supportive / advocated","Multi-stakeholder participation; vertical and horizontal coordination; education and training","Risk-aversion culture; engineering-focused ""dyke syndrome""; weak adaptive capacity; limited social resilience","Response to Typhoon Fanapi (2010); coastal dyke and levee systems","Warning levels; casualty counts; economic losses; red-alert systems","Discusses centralized governmental leadership and coordination across isolated departments","Mentioned; equity/justice framed via risk-sharing between government, insurers and victims and reducing fiscal burden; notes vulnerable/socially weak groups (migrant workers with weak risk awareness); references ""space for water"" vs ""space for people"" dilemma and ""making people safer and less rich"" trade-off; no explicit justice/legitimacy theory (p.283-285)","Risk-sharing models; horizontal communication; linking top-down response with bottom-up participation","Community monitoring and early warning systems; catastrophe insurance; adaptive financial regulations","Engineering-focused legislation; fragmented administrative departments","Linked to coastal sustainability; resilience building; non-structural disaster management","Distinguished from prevention-and-control approaches by emphasizing SES capacity to absorb uncertainty and change","National; Provincial; Local; Community","Historical case analysis and interviews","""Adaptive governance... refers to the ways in which institutional arrangements evolve to satisfy the needs and desires of the community in a changing world.""","Empirical case study of adaptive governance for coastal disaster management"
"190","Cooper & Wheeler (2015)","Adaptive governance: Livelihood innovation for climate resilience in Uganda","10.1016/j.geoforum.2015.07.015","Mbarara District, Uganda","Climate change adaptation; Agricultural livelihoods","1960–2010 climate trends; 1997–2017 policy period","Mixed-methods case study using questionnaires, interviews, focus groups, actor-linkage analysis and key informant interviews","Rural livelihoods and the decentralized NAADS governance framework","Seven-month field study (January–August 2010)","Use of novel policy approaches supporting experimentation, learning and managing for resilience","Social Learning Theory; Resilience Thinking","Mixed","Bonding and bridging social ties; leadership; learning platforms; shadow networks; social capital","Inequity; politicization; elite capture; rigid bureaucracies","National Agricultural Advisory Service (NAADS)","Triple-loop learning; stakeholder diversity; institutional interaction frequency","Strong emphasis on politicization, power relations and corruption","Strong focus on inequity, elite capture and exclusion of poorer groups","Social learning; self-organization; knowledge sharing; shadow systems","Decentralized farmer-owned extension systems; Parish Coordination Committees; bridging organizations","Centralized bureaucracies; corruption; poor transparency; information control","Linked to resilience; social learning; adaptive co-management","Distinguished by reflexive and experimental governance aimed at managing resilience","Village; Parish; Sub-county; District; National","Mixed-method empirical study","""Adaptive governance is postulated as ‘managing for resilience,’ actions being reflexive and experimental...""","Empirical study of adaptive governance and climate-resilient livelihoods"
"191","Garschagen (2016)","Decentralizing urban disaster risk management in a centralized system? Agendas, actors and contentions in Vietnam","10.1016/j.habitatint.2015.08.030","Can Tho City, Mekong Delta, Vietnam","Urban disaster risk management; Climate change adaptation","2004–2014","Policy document review and 70+ expert interviews","Urban decentralized disaster risk management system","2009–2013","Integrative governance emphasizing context-specific and locally tailored disaster risk management solutions","Political Economy of Risk Reduction; Decentralization Theory","Critical","Grassroots authority policies; doi moi reforms; international development agency standards","Centralized political control; bureaucratic centralism; crony capitalism","Committees for Flood and Storm Control at provincial, district and ward levels","The ""four on-the-spot"" approach (leadership, personnel, materials and logistics)","Strong focus on internal political contention, legitimacy and political economy","Examines legitimacy of central leadership and controversial resettlement policies","Community-Based Disaster Risk Reduction (CBDRM); ""four on-the-spot"" preparedness approach","Law on Natural Disaster Prevention and Control (2013); National Strategy to 2020 (2007)","Top-down planning; limited local resources; persistent centralization","Linked to decentralization; urbanization; climate adaptation","Distinguishes state-led disaster management from inclusive, multi-stakeholder disaster risk governance","National; Provincial; District; Ward; Community","Qualitative interviews and policy analysis","""The ambiguity of the current set-up emerges as the overarching characteristic.""","Critical empirical analysis of decentralization and adaptive disaster governance"
"192","Morris & de Loë (2016)","Cooperative and adaptive transboundary water governance in Canada's Mackenzie River Basin: Status and prospects","10.5751/ES-08301-210126","Mackenzie River Basin, Canada","Transboundary water governance","1997–2015 (focus since 2010)","Qualitative analysis of 118 documents and 19 semi-structured interviews","Mackenzie River Basin Board (MRB Board)","1997–2015","Governance emphasizing learning and experimentation to address complexity and uncertainty in social-ecological systems","Bioregional approach; Institutional performance criteria","Supportive / advocated","Aboriginal participation; information sharing; nested institutions","Limited funding; government reluctance to cede autonomy; token Indigenous participation","Recent bilateral agreements more adaptive than basin-wide governance","Nested multilevel design; multiple knowledge systems; flexibility and responsiveness","Examines political decisions limiting board authority","Assesses legitimacy through participation and accountability","Vertical and horizontal information sharing; learning; experimentation","River basin organizations operating at the bioregional scale","Non-binding agreements; jurisdictional autonomy; bureaucratic dominance","Linked to adaptive management and the bioregional approach","Distinguished by flexible institutions and integration of multiple knowledge systems","Federal; Provincial; Territorial; Indigenous (Transboundary)","Policy document analysis and interviews","""Adaptive governance emphasizes learning and experimentation, which can foster conditions that help to deal with complexities and uncertainties in social-ecological systems.""","Empirical study of adaptive transboundary water governance"
"193","Cook, Kristensen & Liu (2016)","Coordinated service provision in payment for ecosystem service schemes through adaptive governance","10.1016/j.ecoser.2016.01.008","Multi-spatial (Local to International)","Payment for Ecosystem Services (PES)","Not reported (no defined study period; conceptual/forward-looking discussion)","Conceptual framework development and literature synthesis","Polycentric PES governance frameworks","Not reported","Systematic adjustment of governance processes using lessons from previous policy outcomes to improve policy performance","Ecological Systems Theory; Institutional Theory","Supportive / advocated","Institutional diversity; nesting; deliberative decision-making","Centralized expert management; information asymmetry; cognitive barriers","No empirical PES examples reported","Policy experimentation; lateral information flows; incentive alignment","References political perspectives on PES governance","Multiple socially desirable objectives and legitimacy","Feedback loops; deliberative multicriteria evaluation; narrative approaches","Multilevel policy experimentation structures","Centralized expert-driven governance","Linked to adaptive management; resilience; polycentric governance","Distinguished by continuous adjustment of governance processes based on prior outcomes","Local; Regional; National; International","Conceptual synthesis","""Adaptive governance refers to the systematic adjustment of governance processes using lessons learned from prior policy outcomes.""","Conceptual framework for adaptive PES governance"
"194","West & Schultz (2015)","Learning for resilience in the European Court of Human Rights: Adjudication as an adaptive governance practice","10.5751/ES-07190-200131","Europe","Law; Environmental protection; Human rights","1990–2009","Qualitative analysis of 12 ECtHR environmental cases","Adjudicative practice of the European Court of Human Rights","1990–2009","Institutional and social context through which adaptive management emerges","Social-Ecological Resilience; Reflexive Law; Deliberative Theory","Supportive / advocated","Public participation; knowledge exchange; margin of appreciation doctrine","Preference for legal certainty; prioritization of individual rights over collective interests","Environmental adjudication (e.g., Hatton v. UK, Fadeyeva v. Russia)","Multiple knowledge sources; support for adaptive policymaking; polycentricity","Examines tensions between state responsibility, individual rights and public interests","Focus on evolving concepts of justice and equity","Judicial learning; cross-scale coordination; democratic self-regulation","Reflexive legal principles","Static statutory and administrative law","Linked to adaptive management; resilience; reflexive governance","Adaptive governance provides the institutional arena within which adaptive management goals are negotiated","Multilevel (international/regional ECtHR interacting with national member-state and local decision making; ""enhances polycentricity at the European scale"").","Case-law analysis","""Adaptive governance refers to the institutional and social contexts through which adaptive management may emerge.""","Legal analysis of adaptive governance through judicial practice"
"195","Shkaruba & Kireyeu (2013)","Recognising ecological and institutional landscapes in adaptive governance of natural resources","10.1016/j.forpol.2012.10.004","Belarus","Forestry; Biodiversity governance","1950–2009","GIS-based spatial analysis and 39 stakeholder interviews","Forest institutional landscapes","1950–2009","Governance providing information, conflict resolution, compliance, infrastructure and institutions prepared for change","Earth System Governance (5As); IDGEC","Supportive / analytical","Institutional fit; interplay; nesting; ecosystem knowledge","Institutional rigidity; stickiness; case-study trap","Mapping of 19 institutional landscapes","5A indicators (Architecture, Agency, Adaptiveness, Accountability, Access)","Addresses lobbying power and corruption","Accountability and equitable allocation of risks and benefits","Feedback mechanisms; adaptive co-management; analytical deliberation","Multilevel governance; international cooperation","Centralized governance; blueprint management","Linked to adaptive management; adaptive co-management; Earth System Governance","Adaptive governance integrates ecological and institutional dimensions of SES","National; Regional; Stand level","GIS analysis, interviews and statutory documents","""Adaptive governance of social-ecological systems is an overarching issue that integrates both their ecological and institutional layers.""","Empirical spatial analysis of adaptive governance"
"200","Munaretto, Siciliano & Turvani (2014)","Integrating adaptive governance and participatory multicriteria methods: A framework for climate adaptation governance","10.5751/ES-06381-190274","Global (examples from Bangladesh, UK, Netherlands, Yemen)","Climate change adaptation","Not reported (no defined empirical period); references literature and case examples up to c.2013; article published 2014","Conceptual framework and review of PMCM case studies","Adaptation decision-making methods","Not reported","Continuous problem-solving process in which institutional arrangements and ecological knowledge are revised through learning-by-doing","Adaptive Governance; Participatory Multicriteria Methods (PMCM)","Supportive / advocated","Stakeholder inclusiveness; experimentation; iterative learning","Goal ambiguity; knowledge uncertainty; asymmetric power; management costs","Flood management plans such as Thames Estuary 2100","Experimentality; flexibility; reversibility; incrementality","Explicit discussion of power asymmetries","Fair distribution of burdens and benefits","Collective learning; feedback loops; single- and double-loop learning","Polycentric institutions; mixed governance arrangements","Government-centred control; failed governance attempts","Linked to adaptive capacity; resilience; transformation; adaptive management","Adaptive governance is dynamic learning-by-doing rather than simply public interaction","Local; National; International","Conceptual synthesis and case review","""Adaptive governance is a continuous problem-solving process...""","Conceptual framework integrating PMCM with adaptive governance"
"201","Morinville & Harris (2014)","Participation, politics, and panaceas: Exploring the possibilities and limits of participatory urban water governance in Accra, Ghana","10.5751/ES-06623-190336","Accra, Ghana","Urban water governance","2007–2012","Mixed methods: 43 interviews, participant observation and survey (n=243)","Local Water Boards (LWBs)","2007–2012","Governance fostering dynamic learning and iterative feedback to address ecosystem complexity","Social-Ecological Systems; Adaptive Co-management","Supportive but critical","Cross-scale partnerships; communication between communities and utilities","Volunteer burden; donor timelines; external influence; political divisions","Local Water Boards in Teshie, Nima and Ayidiki","Participation in meetings; formal boards; community knowledge contributions","Strong emphasis on multiscalar power relations","Highlights marginalization through formal participation","Social learning; polycentricity; multiscalar collaboration","Nested decision-making centres","Blueprint approaches; vague governance theories","Linked to resilience; co-management; social learning","Adaptive governance emphasizes iterative reassessment under complexity","Community; Municipal; International","Mixed-method empirical study","""Adaptive governance thus aims to address the complexity... through governance processes that foster dynamic learning and iterative feedback.""","Critical empirical study of participatory urban water governance"
"202","Green, Cosens & Garmestani (2013)","Resilience in Transboundary Water Governance: The Okavango River Basin","10.5751/ES-05453-180223","Okavango River Basin (Angola, Botswana, Namibia)","Transboundary water governance","1994–2011","Legal and governance analysis; content analysis of 450+ treaties","Permanent Okavango River Basin Water Commission (OKACOM)","1994–2011","Process of resolving trade-offs and providing a vision for sustainability while managing complexity and uncertainty","Applied Resilience Theory; Adaptive Management","Supportive / advocated","Public participation; local capacity building; multidirectional information flow","Conflict between legal certainty and adaptability","OKACOM governance structure; Every River Has Its People Project","Water allocation; joint monitoring; extreme-event provisions","Addresses trade-offs among sovereign states","Equitable allocation of water resources","Information sharing; dispute resolution; joint management","Nested multilevel governance arrangements","Rigid legal entitlements; engineering-oriented governance","Linked to resilience; adaptive management","Governance provides vision while management operationalizes that vision","Transboundary; National; Local","Treaty analysis and governance documents","""Governance is the process of resolving trade-offs... management is the operationalization of this vision.""","Transboundary water governance analysis"
"203","Valman, Österblom & Olsson (2015)","Adaptive governance of the Baltic Sea – Lessons from elsewhere","10.18352/ijc.532","Baltic Sea (comparisons with Southern Ocean and Coral Triangle)","Marine resource governance","1974–2014","Comparative case study using an ideal-type framework","International marine governance bodies (HELCOM, CTI-CFF, CCAMLR)","1974–2014","Governance emphasizing analytical deliberation, nesting and institutional variety while meeting information, compliance and change requirements","Ostrom's Design Principles; Dietz et al. Governance Requirements","Supportive / advocated","Bridging organizations; institutional diversity; political will","Systemic delay; limited mandates; weak political commitment","CCAMLR compliance evaluations; CTI-CFF knowledge platforms","Indicators for information, compliance and adaptation","Recognizes power and political will as critical","Legitimate outcomes and equitable sharing of burdens and benefits","Analytical deliberation; nesting; institutional variety","Mixed public-private governance arrangements","Static rules; limited vertical integration","Linked to ecosystem approaches; adaptive management; international regimes","Broader governance capacity than problem-solving alone","International; National; Local","Comparative literature and policy review","""Analytical deliberation, nesting, and institutional variety... are hypothesized to be especially relevant...""","Comparative analysis of adaptive marine governance"
"204","Österblom & Folke (2013)","Emergence of Global Adaptive Governance for Stewardship of Regional Marine Resources","10.5751/ES-05373-180204","Southern Ocean","Marine resources; Fisheries","Mid-1990s–2011","Mixed-method interplay analysis of actors, networks, organizations and institutions","Social-ecological governance system","Mid-1990s–2011","Process of dealing with complexity and uncertainty while reconciling conflicts among actors with differing interests, values and power","Social-Ecological Systems; Governance Features Framework","Supportive / advocated","Crisis-induced action; shadow networks; institutional entrepreneurs","Consensus constraints; adaptive illegal actors","Reduction of illegal Patagonian toothfish fishing (>90%)","Catch Documentation Scheme; blacklist of illegal vessels","Strong discussion of political mobilization and venue manipulation","Governance embedded in democratic and trusted institutional arrangements","Cognitive interaction; venue manipulation; boundary objects","Polycentric governance; multilevel collaboration","Institutional misfit; static governance systems","Linked to adaptive management; social-ecological systems","Expands adaptive management to include broader social contexts","Global; Regional; National","Mixed qualitative and quantitative evidence","""Adaptive governance refers to a process of dealing with complexity and change under uncertain conditions...""","Foundational study of global adaptive marine governance"
"206","Risvoll, Fedreheim, Sandberg & BurnSilver (2014)","Does Pastoralists' Participation in the Management of National Parks in Northern Norway Contribute to Adaptive Governance?","10.5751/ES-06658-190271","Central Nordland, Northern Norway","Protected area management; Reindeer herding","2010–2013","Case study using interviews, focus groups and meeting observations","Regional National Park Boards (NPBs)","2010–2013","Institutional capacity to handle change and reconfigure itself without significant decline in core functions","Ostrom's SES Framework; Resilience Thinking","Supportive / analytical","Local knowledge; Indigenous Sámi representation; bridging organizations","Mismatch between herder priorities and board agendas; loyalty dilemmas","Regional National Park Boards established in 2010","SES variables including resource mobility, history of use and mental models","Examines delegation of authority from central bureaucracy to local actors","Recognition of Indigenous rights and conservation legitimacy","Knowledge co-production; social learning; bridging organizations","Participation arenas; conflict-resolution mechanisms","Rigid constitutional rules; historical path dependency","Linked to adaptive capacity; resilience; co-management; social learning","Brings social and ecological governance closer than centralized bureaucracy","Regional; Local; National","Qualitative interviews, observations and focus groups","""The regional National Park Board is... a critical mechanism that provides an action arena for participation and conflict resolution.""","Empirical study of Indigenous participation and adaptive governance"
"209","Hurlbert (2014)","Adaptive institutional design in agri-environmental programs","10.1108/IJCCSM-12-2012-0076","Saskatchewan, Canada","Agri-environmental programs; Agriculture","1930–2012; future role of government","Ethnographic study using 178 semi-structured interviews with producers and 12 policy informants","Agri-environmental farm programs","1930/1980–2012","Responsive, flexible institutional design of policymaking recognizing interconnection of past, present and future human-biophysical systems","Resilience; Collaborative / adaptive co-management","Supportive / advocated","Localized delivery; PCAB; meaningful stakeholder participation","Inappropriate local rules; distrust of government; short-term election/budget cycles","Canada-Saskatchewan Farm Stewardship Program; Farm and Ranch Water Infrastructure Program","Program responsiveness; framing; stakeholder engagement; actor roles","Changing political conditions; alienation from senior government","Environmental justice mentioned; profitability with environmental goals","Flexible problem framing; consultation; learning by doing; localized delivery","Delivery by closer government levels or local entities","Top-down management; rigid funding timelines","Adaptive management; adaptive co-management; resilience","Focuses on institutions and efficacy in supporting community adaptation","Federal; Provincial; Local","Qualitative interviews; historical program documentation","“Adaptive governance recognizes that the present, past and future…” (p.146)","Empirical study of adaptive institutional design in agriculture"
"210","Cosens (2013)","Legitimacy, Adaptation, and Resilience in Ecosystem Management","10.5751/ES-05093-180103","United States","Ecosystem management; Law","Not reported (references historical U.S. administrative law developments from 1897 through the 1970s and 21st-century reforms; forward-looking reform recommendations)","Legal and theoretical synthesis","Procedural elements of governance / administrative law","Not reported","Laws, policies, regulations, institutions and structures involved in governing, including collaboration across government levels and non-government actors","Resilience theory; Panarchy; Network theory","Supportive / analytical","Local capacity; vertical/horizontal networks; public participation","Law’s need for finality; scale mismatch; resistance to change","NEPA; ESA; Incident Command System","Polycentricity; participation; experimentation; bioregional management","Politicization of science; agency capture; unilateral power","Results-based, order-based, systemic, deliberative and procedural legitimacy","Monitoring; feedback; collaborative networks; incremental adjustment","Multi-level management; jurisdictional diversity; redundancy","Rigid jurisdictions; command-and-control pathologies","Ecological resilience; adaptive management; ecosystem management","Governance provides vision; management operationalizes vision","Local; State; Federal; International","Theoretical synthesis; legal case analysis","""adaptive governance is the term used when referring to action by multiple jurisdictions and to the process of involving multiple nongovernmental actors in decision making (Cosens and Williams 2012)"" (p.3); ""Adaptive governance moves from a focus on efficiency and clean lines between jurisdictional authorities, to a focus on diversity, redundancy, and multiple levels of management, including a role for local knowledge and local action"" (p.3); ""multiscalar, diverse, overlapping authority can facilitate resilience in governance systems, provided an adequate mechanism for coordination across the particular ecological system is developed"" (p.3)","Conceptual/legal synthesis on legitimacy and resilience"
"211","Seeliger & Turok (2014)","Averting a downward spiral: building resilience in informal urban settlements through adaptive governance","10.1177/0956247813516240","Stellenbosch, South Africa","Urban planning; Informal settlements","2005–2013","Case study using participant observation, stakeholder interviews and community-led enumeration","Enkanini informal settlement","2005–2013","Approach combining experimental learning in complex systems with organizational theory to deal with unexpected change","Resilience thinking; Adaptive cycles","Supportive / advocated","Community structures; partnerships; knowledge co-production","Government hostility; divisions; political volatility; mistrust","I-shack solar power intervention; community enumeration","Flexible policy action; inclusive decision-making; local capabilities","Political control shifts; power/responsibility sharing","Poverty reduction; residential rights; racial tensions","Experimental testing; social negotiation; iterative learning","Multilevel power-sharing between government and communities","Standard rules/procedures; reactive crisis response","Risk; vulnerability; resilience","Goes beyond “just managing” toward positive urban integration","Local; Provincial; National","Participant observation; interviews; project outcomes","“Adaptive governance is an approach to system management…” (p.185)","Informal settlement resilience case study"
"212","Marshall (2013)","Transaction costs, collective action and adaptation in managing complex social–ecological systems","10.1016/j.ecolecon.2012.12.030","Murray–Darling Basin, Australia","Water resources; Environmental water","1980s–2012","Theoretical framework and stylized empirical application","Institutional choices: buy-back vs infrastructure upgrades","Not reported","Creation, maintenance, enforcement and adaptation of institutions for collective action under environmental change","Institutional Economics; CAS; SES","Supportive / advocated","Trust; reciprocity; reputation; third-party governance","High transaction costs; wickedness; uncertainty; surprises","National Water Initiative; Goulburn–Broken infrastructure choices","Static/dynamic transaction costs; lock-in costs","Vested interests; political opposition to buy-back","Societal equity as adaptive-capacity determinant","Deliberation; monitoring; graduated sanctions","Polycentric institutions; trust-supporting settings","Paternalism; dependency; institutional lock-in","Adaptive management; adaptive co-management; institutional resilience","Focuses on social/institutional context enabling ecosystem management","National; State/Territory; Local/Group","Theoretical synthesis; secondary basin analysis","“Adaptive governance… creating, maintaining, enforcing and adapting…” (p.187)","Conceptual and applied institutional economics study"
"213","Maclean et al. (2013)","Healthy country, healthy people: An Australian Aboriginal organisation’s adaptive governance to enhance its social–ecological system","10.1016/j.geoforum.2012.10.005","Southern Wet Tropics, North-eastern Australia","Indigenous land and sea management","1994–2012","Co-research; participant observation; 16 interviews","Girringun Aboriginal Corporation","1994–2012","Connects individuals, organizations, institutions and agencies across levels through structures for collective action and coordination","SES; Resilience","Supportive / advocated","Networks; visionary leadership; trust; organizational learning","Lack of formal land rights; dispossession; short-term grants","Ranger Unit; Arts Centre; TUMRA","Knowledge co-production; partnerships; reconciliation activities","Power sharing; autonomy through resource conflict resolution","Social disadvantage; self-determination; reconciliation","Bridging organizations; social learning; pilot learning","Cooperative management; cross-cultural networks","Fragmented governance silos","Adaptive management; adaptive co-management; resilience","Expands adaptive management to decision-making and power-sharing structures","Federal; State/Territory; Regional; Local","Interviews; participant observation","“Adaptive governance expands adaptive management…” (p.95)","Indigenous adaptive governance case study"
"214","Gupta, Pahl-Wostl & Zondervan (2013)","‘Glocal’ water governance: a multi-level challenge in the anthropocene","10.1016/j.cosust.2013.09.003","Global / multi-level","Water governance","2003–2013","Literature review and synthesis of policy documents","Water governance paradigms","10 years","Complements IWRM by focusing on unpredictable socio-economic systems and polycentric bioregional approaches","Earth System Governance; Anthropocene","Supportive / advocated","Polycentricity; participation; experimentation; social learning","Ownership/boundary politics; transboundary disputes","Room for Rivers; EU Water Framework Directive","Multi-level engagement; transformation; clumsy solutions","Power conflicts over water; power configuration","Human right to water; equitable sharing; legitimacy","Multi-stakeholder decisions; experimentation; social learning","Umbrella frameworks adaptable to context","Centralized hierarchical governance; limited participation","IWRM; Nexus approach","Distinct from centralized control of predictable systems","Global; Supranational; National; Local","Scholarly literature review","“The challenge of the water crisis is first and foremost a ‘crisis of governance’.” (p.573)","Conceptual review of glocal water governance"
"215","Hurlbert & Diaz (2013)","Water Governance in Chile and Canada: a Comparison of Adaptive Characteristics","10.5751/ES-06148-180461","SSRB Canada; Elqui River Basin Chile","Water governance; Agriculture","1920s/30s to future climate scenarios","Comparative qualitative interviews, focus groups and vulnerability assessments","Water governance regimes","1920–2013","Capacity of formal institutions to reduce vulnerabilities and adapt to environmental change","SES; Resilience thinking; Neo-liberalism","Mixed","Stakeholder participation; vertical/horizontal coordination; synergistic social capital","Institutional silos; rigidity; data gaps","Watershed advisory committees; Water Dialogues","Responsiveness; learning; capacity; equity","Unequal power over water rights; election cycles","Fair distribution of risks/benefits/costs; access to justice","Reflexive social learning; watershed management; experimentation","Enabling state coordinating local institutions","Centralization in Chile; fragmented governance in Canada","Adaptive capacity; resilience; good governance","Seeks institutional-natural fit to reduce group vulnerability","Federal; Provincial/Regional; Local","Vulnerability assessments; comparative institutional analysis","“Adaptive governance should be understood not only…” (p.4)","Comparative water governance study"
"217","Johannessen & Hahn (2013)","Social learning towards a more adaptive paradigm? Reducing flood risk in Kristianstad municipality, Sweden","10.1016/j.gloenvcha.2012.07.009","Kristianstad, Sweden","Flood risk management; Urban planning","1996–2011","Longitudinal case study; 20 interviews over 8 years","Social learning process facilitated by technical professionals","1996–2011","Connects individuals and agencies through structures promoting coordination and SES management","Social learning; Resilience; Organized irresponsibility","Supportive / advocated","Core action groups; political buy-in; extreme flood events","Stationary principle; organized irresponsibility; unlearning old habits","10 km embankments; open information policy","Changed understanding; institutional integration; public dialogue","Responsibility delegation; political prioritization","Public dialogue and legitimacy for support","Challenging assumptions; knowledge building; organizational learning","Multi-level learning; cross-organizational communication","Decentralization inhibiting coordination; lack of research funding","Adaptive capacity; resilience; climate proofing","Double/triple-loop learning changes frames and mental models","National; District/County; Local","Longitudinal interviews; municipal action plans","“Building resilience and adaptive capacity would require a mind shift…” (p.372)","Longitudinal flood-risk learning case"
"219","Green et al. (2013)","EU water governance: striking the right balance between regulatory flexibility and enforcement?","10.5751/ES-05357-180210","European Union","Water governance; Environmental law","1980–2027","Analysis of EU Water Framework Directive using resilience science","EU Water Framework Directive","1980–2013","Incorporates formal institutions, informal networks and individuals at multiple scales for collaborative environmental management","Applied resilience science; Panarchy; Principal-agent theory","Neutral / analytical","Hydrologic rescaling; public participation","Weak enforcement; poor monitoring feedback; inertia","Six-year planning; intercalibration groups","Overlapping control; horizontal/vertical flow; response authority","Shared sovereignty; postsovereign reterritorialization","Transparency; disclosure; citizen rights","River basin plans; measures programs; combined approach","Governance along natural hydrologic boundaries","Weak national interpretation; exemption reliance","SES resilience; panarchy; adaptive co-management","Shares management power/responsibility through participatory processes","EU; National; Basin; Sub-basin","Legal directive analysis; implementation reports","“Adaptive governance incorporates formal institutions…” (p.2)","EU water law and adaptive governance assessment"
"222","Bark et al. (2012)","Adaptive basin governance and the prospects for meeting Indigenous water claims","10.1016/j.envsci.2012.03.005","Colorado, Columbia and Murray-Darling Basins","Water resources; Indigenous rights","1850s–2012","Comparative case assessment applying theoretical framework","Adaptive basin governance regimes","1850–2012","Regimes dealing with uncertainty/change through planning integrating science and other knowledge, enabling learning","SES; Wicked problems; Polycentric institutions","Supportive / advocated","Legal entitlements; basin planning; technical capacity","Rigid institutions; zero-sum conflicts; historic disenfranchisement","Arizona Water Settlement Act; Fish Accords","Entitlements; water marketing; Indigenous representation","Power-sharing; trade-offs; tribal claims","Historic inequality; legitimacy of local decisions","Settlement negotiation; incentive reallocation; watershed planning","Polycentric nested decision-making","Lack of treaties/judicial decisions; limited land holdings","Adaptive management; resilience; co-management","Addresses gap between theory and Indigenous practical experience","Federal; State/Territory; Basin; Tribal/Local","Policy, legislation and court-decision review","“Adaptive basin governance regimes can deal with uncertainty…” (p.169)","Comparative Indigenous water-claims study"
"224","Underdal (2010)","Complexity and challenges of long-term environmental governance","10.1016/j.gloenvcha.2010.02.005","Global","Environmental governance; Climate change; Biodiversity","Intergenerational long-term problems","Theoretical synthesis and comparative response-model analysis","Collective response models and governance modes","Not reported","Approach improving understanding of flexible and effective response in complex decentralized systems","Resilience; Rational choice; Crisis management","Neutral / analytical","Diverse responses; decentralization; subunit autonomy","Intergenerational lags; uncertainty asymmetry; free riding","C40; California climate law; eco-labeling","Monitoring; experimentation learning; decentralization","Temporal asymmetry; anarchic international system","Intertemporal fairness; public virtue","Decentralized experimentation; clumsy solutions; conditional promises","Heterogeneous and unstable task environments","Tightly connected activities requiring integrated outputs","Adaptive management; resilience; multi-level governance","Contrasts with centralized master-plan collective action models","Global; National; Local","Theoretical/conceptual synthesis","“In a no-analogue state, capacity for adaptive and innovative governance…” (p.388)","Foundational long-term environmental governance theory"
"225","Huntjens et al. (2012)","Institutional design propositions for the governance of adaptation to climate change in the water sector","10.1016/j.gloenvcha.2011.09.015","Netherlands; Western Australia; South Africa","Water sector; Water governance","2000–2009","Comparative qualitative assessment; 30 expert interviews","Climate adaptation strategy initiation/development","2000–2009","“Management as learning” supporting policy adjustments under uncertainty and problem reframing","Institutional design principles; Multi-level governance; Triple-loop learning","Supportive / advocated","Multi-stakeholder dialogue; policy integration; redundancy","Information gaps; capacity problems; one-size-fits-all; lock-in","Room for Rivers; Western Australian State Water Plan","8 propositions: boundaries, equity, monitoring, conflict resolution, etc.","Addresses neglected power and interests in adaptation policy","Fair redistribution of risks/benefits/costs; past inequities","Policy learning; experimentation; dialogue","Polycentric systems; central-decentral interwovenness","Participation costs; institutional inertia","Adaptive capacity; resilience thinking; IWRM","Extends beyond local CPR to cross-boundary large-scale systems","Supranational; National; Regional; Local","Expert interviews; strategy assessment","“Successful governance of adaptation… depends on enabling adaptive institutions…” (p.80)","Comparative institutional design study"
"227","Clark & Clarke (2011)","Local sustainability initiatives in English National Parks: What role for adaptive governance?","10.1016/j.landusepol.2010.06.012","England, UK","Natural resource management; Protected landscapes","2000–2009","National survey, questionnaire and field visits to 5 cases","Local sustainability projects / National Park Authorities","2000–2009","Connects individuals, organizations, agencies and institutions across levels using diverse knowledge systems","SES; Social capital; Bridging organizations","Critical / skeptical","NPAs; cross-scale institutions; place identity","Piecemeal approaches; weak monitoring; business suspicion","South West Wood Fuels; BRASCA; Mosaic Partnership","Cross-level interaction; learning practices; physical-resource use","State managerialism; structural power relations","BME participation through Mosaic","Learning-by-doing; cooperation; single/double-loop learning","Sustainability as collective endeavour; trust building","Limited core funding; state spending constraints","Multi-level/scaled governance; sustainable development","Focuses on interaction and learning rather than state goals alone","National; Regional; Local; Parish","Survey metrics; qualitative best-practice appraisal","“Adaptive governance… prioritises collaborative learning…” (p.314)","Empirical study of sustainability initiatives"
"229","Crona & Parker (2012)","Learning in Support of Governance: Theories, Methods, and a Framework to Assess How Bridging Organizations Contribute to Adaptive Resource Governance","10.5751/ES-04534-170132","Phoenix metropolitan area, Southwestern USA","Natural resource governance; Water management","2004–2012","Multimethod study using interviews, network/attitudinal survey and ethnographic observation","Decision Center for a Desert City as bridging organization","Cross-sectional ""snapshot"" of DCDC; no explicit longitudinal window (authors note limitation that dynamic/longitudinal analyses over time are needed)","Continuous production and use of new knowledge to adapt to complex, changing SES","Knowledge utilization; Boundary organizations; Stakeholder theory","Neutral / analytical","Bridging organizations; WaterSim; brokers","Cultural differences; power imbalances; timescale issues","Arizona State University DCDC project","Knowledge-utilization scale; cultural-difference metrics","Stakeholder saliency: power, legitimacy, urgency","Fair treatment of opposing views","Water briefings; strategic timing; model customization","Formalized bridging organization","University publish/consult pressures; political limits","SES; social learning; communities of practice","Distinguishes formal bridging organizations from informal networks","Regional; Municipal/City","Network regression; ethnographic content analysis","“Natural resource governance must therefore involve continuous production…” (p.1)","Bridging organization study"
"230","Hahn (2011)","Self-organized governance networks for ecosystem management: who is accountable?","10.5751/ES-04147-160218","Kristianstads Vattenrike, Southern Sweden","Ecosystem management; Biosphere Reserve","1989–2010","Empirical case study; 23 semi-structured interviews","Multilevel governance network of KVBR","1989–2010","Governance network enhancing learning, adaptability and resilience through stakeholder knowledge","Panarchy; Adaptive cycle; Governance network theory","Mixed","Biosphere Office; social memory; vertical links","Accountability ambiguity; cost escalation; financial shocks","KVBR; Naturum centre","Extended accountability; input/output legitimacy; social memory","Low vs high politics; investment conflict","Legitimacy and representation of politically weak stakeholders","Theme groups; adhocracy groups; three-year conservation plans","Loosely nested informal arenas with formal navigation","Bureaucracy; inefficient meeting culture","Shadow networks; social memory; panarchy","Informal/implicit governance networks vs formal collaborative governance","UNESCO/International; National; County; Municipal","Interviews triangulated with newspapers and protocols","“For self-organized networks, legitimacy is the bridge…” (p.1)","Accountability in self-organized governance networks"
"231","van Rijswick & Salet (2012)","Enabling the contextualization of legal rules in responsive strategies to climate change","10.5751/ES-04895-170218","International; Netherlands (Space for the River)","Climate change adaptation; Law","20th-century transitions in legal roles","Conceptual exploration and theoretical analysis","Legal perspective and principal norms in responsive strategies","Not reported","Adaptive governance enables responsiveness of social-ecological systems to changing conditions and disturbances; viewed as creating conditions for ordered rule and collective action through decision-making and power sharing (p.2, p.4)","Adaptive management; Legal obligation theory; Criteria of legality","Supportive but critical (supports adaptive governance while emphasizing legal certainty)","Self-organization; trust; leadership; informal community knowledge systems","Weak private/public enforcement; exclusion of parties; asymmetric power distribution","UNFCCC; Kyoto Protocol; Dutch Space for the River project","Flexibility; guaranteed protection level; enforcement possibilities","Examines asymmetric power distribution and the need for countervailing legal authority","Substantive and procedural fairness; equity principles in environmental treaties","Iterative legislation; monitoring; recalibration; legal obligation","Enabling legislation transferring authority to local actors and broadening stakeholder participation","Hierarchical bureaucracy; instrumental steering; rigid administrative models","Resilience; adaptability; transformability","Emphasizes flexibility and discovery-oriented governance rather than binding formal interaction","International; European; National; Local","Legal analysis and case-study reflection","""Adaptive governance... enables responsiveness of social-ecological systems to changing conditions and disturbances."" (p.2)","Conceptual legal analysis of adaptive governance in climate adaptation"
"232","Meek et al. (2011)","Adaptive governance and the human dimensions of marine mammal management: Implications for policy in a changing North","10.1016/j.marpol.2010.10.021","Alaska (USA); Nunavut (Canada); Finland","Marine mammal management","1900s–2010","Comparative analysis of marine mammal management regimes","Marine mammal management regimes","1968–2010","Adaptive governance builds cross-scale understanding while allowing local actors flexibility to develop ecologically robust and effective rules (p.467)","Institutional theory; Diagnostic analysis of fit and scale","Supportive / advocated","Self-organizing social networks; community governments; multilevel collaboration","International political pressures; policy optics; institutional power imbalances","Community-based narwhal management; Inuvialuit–Iñupiat Polar Bear Management Agreement","Cross-scale interactions; self-organization; addressing key resource drivers","Examines power tensions across governance scales","Recognition of Indigenous subsistence rights and local legitimacy","Iterative policy review; triple-loop learning; cross-scale rule making","Polycentric co-management arrangements; shared rights and responsibilities","Top-down rules; sectoral rigidity; organizational resistance","Adaptive management; adaptive co-management; resilience","Extends beyond single institutions through multilevel problem-solving and policy feasibility","Local to Global","Comparative empirical case analysis","""Adaptive governance is a model of governance that builds upon local to global linkages for sustainability."" (p.467)","Comparative study of adaptive marine mammal governance"
"233","Elbakidze et al. (2010)","Multi-stakeholder collaboration in Russian and Swedish Model Forest initiatives: Adaptive governance toward sustainable forest management?","10.5751/ES-03334-150214","Northwest Russia; Sweden","Sustainable forest management","1990s–2007","Longitudinal comparative study using 198 qualitative interviews and document analysis","Four Model Forest initiatives","1990–2007","Adaptive governance is an institutional response to sustainable development challenges characterized by iterative learning that enables people to cope with change (p.3)","Social-ecological systems; Complex adaptive systems","Mixed","Policy entrepreneurs; knowledge sharing; multilevel platforms","Cross-sector coordination; balancing top-down and bottom-up approaches; representativeness of actors","Komi and Pskov Model Forests (Russia); Vilhelmina and Säfsen Forests (Sweden)","Inclusive partnerships; transparent governance; knowledge-sharing networks","Compares top-down power distribution in Russia with more bottom-up governance in Sweden","Representative democratic governance across stakeholder groups","Iterative learning; collaborative learning; transdisciplinary knowledge production","Polycentric institutional arrangements; bridging organizations","Traditional sectoral management; corruption; weak property rights; fragile governance institutions","Adaptive capacity; resilience; sustainability","Expands governance beyond individual management units to landscape and regional scales through multilevel integration","Local; Regional; National; Global","Interview data and archival document analysis","""Adaptive governance can be understood as an institutional response to the challenges of SD and SFM."" (p.3)","Comparative Model Forest governance study"
"238","O'Doherty et al. (2011)","From consent to institutions: Designing adaptive governance for genomic biobanks","10.1016/j.socscimed.2011.05.046","British Columbia, Canada","Health research; Genomic biobanks","25-year longitudinal tracking","Conceptual framework and formative case study","BC Generations Project governance model","Not reported","Integrated governance framework allowing governance to evolve fairly and respectfully while facilitating effective functioning of the resource (p.369)","Stewardship; Adaptive management principles","Supportive / advocated","Trustworthy institutional structures; participant representation; reflexive governance","Limited public trust; one-size-fits-all governance; superficial participant engagement","Tiered governance model for the BC Generations Project","Trustworthiness; participant recognition; adaptivity; institutional fit","Examines power-sharing between experts and participant associations","Participant moral standing; benefit-sharing; legitimacy","Continuous communication; deliberative public engagement; periodic review","Tiered governance structure addressing issues at multiple governance levels","Static consent models; one-time ethics review; contractual interpretation of consent","Adaptive management; Trustworthy governance","Moves beyond project recruitment toward long-term governance of population biobanks under uncertain future uses","Provincial; National","Conceptual framework and formative case study","""Adaptive governance... contains an element of reflexivity, and employ[s] engagement strategies to get further participant input."" (p.369)","Conceptual governance framework for genomic biobanks"
"239","Rijke et al. (2012)","Fit-for-purpose governance: A framework to make adaptive governance operational","10.1016/j.envsci.2012.06.010","Australia; Netherlands","Environmental resource management; Urban water","Developments over the last decade","Critical literature review and diagnostic framework development","Operationalization of adaptive governance","Not reported (no empirical observation window; the paper ""lacks empirical evidence to show how the framework works in practice"" p.81)","Adaptive governance addresses uncertainty through continuous learning, involvement of multiple actors in decision making, and self-organization (p.74)","Network management; Institutional analysis; Complexity theory","Supportive / advocated","Leadership; redundant institutional arrangements; knowledge networks","Complexity; uncertainty; ambiguous objectives; uncertainty regarding strategy effectiveness","Room for the River (Netherlands); Australian urban water management","Network density; cohesion; centrality; social learning; leadership","Discusses distribution of power among actors and political legitimacy","Balances efficiency, environmental effectiveness, equity and political legitimacy","Continuous learning; self-organization; stakeholder collaboration","Flexible institutional arrangements; polycentric governance across multiple scales","Predict-and-control governance; rigid regulatory systems","Resilience thinking; Transition management; IWRM","Responds to change through self-organizing interactions rather than static governance","Operational; Institutional; Constitutional","Literature review and conceptual framework","""Adaptive governance attempts to address uncertainty through continuous learning, involvement of multiple actors in decision making and self-organisation."" (p.74)","Conceptual framework operationalizing adaptive governance"
"241","Pineda-Morales et al. (2025)","A review of domestic water management and adaptive governance in urban Latin America","10.1007/s43621-025-01643-6","Latin America (Chile, Mexico, Brazil, Peru, Colombia, etc.)","Domestic water supply and sanitation","1990s–2021","Systematic literature review (16 adaptive governance papers; 33 broader studies)","Published research/scientific papers on urban domestic water supply and sanitation governance in Latin America (documents as units of analysis; n=16 AG papers and n=33 water governance papers)","2011–2021","Adaptive governance encompasses processes and interactions among public/private actors, networks and institutions creating adaptability and transformability within complex SES (p.2)","Adaptive governance framework analyzed through three dimensions (bioregional scale, adaptive management, polycentricity) [11, 12]; systemic resilience; social-ecological systems theory; Ostrom's principles for common-pool resources [19]; problemshed approach; polycentricity theory [33-37]","Mixed","Community learning; multi-stakeholder arrangements; trust; participation","Political instability; weak coordination across administrative scales; unequal power dynamics","Community Organizations for Water and Sanitation Services (OCSAS); Room for the River example","Bioregional scale; adaptive management; social learning; polycentricity","Identifies inequitable power dynamics as a major regional governance challenge","Human right to water; environmental sustainability; legitimacy of local action","Learning policy cycles; collaborative approaches; strategic alliances","Flexible regulatory frameworks supporting adaptive decision-making","Neoliberal interventionism; authoritarian governance; bureaucratic centralization","Resilience; IWRM; Water security","Uses concepts such as the ""problemshed"" to analyze adaptive governance beyond watershed approaches","Multi-scale; Multi-level","Systematic literature review","""Adaptive governance framework... allows for more dynamic, strategic, and multi-scale academic analysis and decision-making processes."" (p.2)","Systematic review of adaptive governance in urban Latin American water management"
"242","Tiky & Ndiloseh (2025)","The paradox of climate resilience and elusive peace in the Lake Chad Basin: A case for an adaptive governance approach","10.1016/j.cosust.2025.101523","Lake Chad Basin (Chad, Cameroon, Niger, Nigeria)","Climate resilience; Peacebuilding","1963–2024","Mixed methods: expert interviews, focus groups and key informant interviews","Narratives on climate resilience and governance deficits","1960–2024","Adaptive governance emphasizes continuous learning, experimentation, contextual specificity and inclusive participation (p.2, p.6)","Complex Social-Ecological Systems Theory","Mixed","Social capital; social cohesion; collaboration with affected communities","Governance deficits; violence; military-centred responses","Pastoral corridor mapping; community-driven acacia planting","Local ownership; adaptive governance; flexibility","Discusses centre–periphery neglect, marginalization and inequality","Human rights; participatory governance; equitable treatment","Learning-by-doing; community dialogue; awareness campaigns","Resilient social institutions; cross-scale rule-making","Weak governance; coups; limited government presence","Resilience; Conflict transformation","Focuses on the capacity to resist, adapt and recover from intertwined conflict and climate risks","Local; National; International","Mixed-method empirical study","""Participatory adaptive governance would make climate resilience efforts more effective in forging durable peace..."" (p.2)","Empirical study linking adaptive governance, peacebuilding and climate resilience"
"243","Bouckaert et al. (2018)","Improving the role of river basin organisations in sustainable river basin governance by linking social institutional capacity and basin biophysical capacity","10.1016/j.cosust.2018.04.015","Global (illustrated with Murray–Darling Basin, Australia)","River basin governance","2010–2017","Diagnostic functional framework development and trajectory analysis","River Basin Organisations (RBOs)","2010–2024 (projected)","Adaptive governance coordinates basin governance using a bioregional approach and system-wide coordination","Social-Ecological Systems; Panarchy Theory","Supportive / advocated","Participatory approaches; interdisciplinary evidence; social learning","Institutional rigidity; bureaucratisation; superimposed governance structures","Murray–Darling Basin Plan (2012)","Collaboration; learning; leadership; structuring","Discusses asymmetry of knowledge and power among stakeholders","Transparency; accountability; legitimacy; triple-bottom-line outcomes","Adaptive management; learning-by-doing; triple-loop learning","Polycentric governance; decentralization","Hydrocracy; siloed reporting; rigid pathways","Resilience; IRBM; IWRM","Balances co-evolving social and biophysical systems instead of focusing only on governance institutions","Macro; Meso; Local","Diagnostic functional modelling","""RBO can also create the policy space where top-down regulation can meet bottom-up participation."" (p.71)","Conceptual and diagnostic framework for River Basin Organisations"
"244","Taebi et al. (2020)","Governing climate risks in the face of normative uncertainties","10.1002/wcc.666","Netherlands; Vietnam (Mekong Delta)","Climate adaptation; Risk governance","1916–2020","Conceptual opinion article using normative categorization","Normative uncertainties in climate risk decisions","1916–2020","Adaptive governance is a longitudinal approach appropriate for dealing with temporal aspects of normative uncertainty (p.8)","Wide Reflective Equilibrium (WRE)","Supportive / advocated","Flexibility; reflexivity; proactive management","Normative uncertainty; competing values; ethical ambiguity","Eastern Scheldt barriers; Building with Nature","Reversibility; persistence; equity; controllability","Discusses unequal distribution of risks among groups","Intergenerational justice; Rawlsian fairness","Adaptive planning; Wide Reflective Equilibrium","Flexible long-term policy design","Top-down bureaucracy; policy deadlocks","Risk governance; Deep uncertainty","Focuses on normative uncertainty rather than only epistemic uncertainty","International; National; Intergenerational","Conceptual ethical analysis","""Adaptive governance... is—due to its longitudinal approach—perfectly suitable to deal with the temporal aspects of normative uncertainties."" (p.8)","Conceptual article integrating adaptive governance with climate ethics"
"246","Maccani et al. (2020)","An emerging typology of IT governance structural mechanisms in smart cities","10.1016/j.giq.2020.101499","Ireland (three cities)","IT governance; Smart cities","2015–2018","Qualitative multiple case study using observations and 18 semi-structured interviews","Smart City Functions (SCFs)","January 2016–December 2018","Adaptive governance involves moving from stability and accountability mechanisms toward governance arrangements enabling adaptation in policies, legislations, systems, and internal structures","IT Governance (ITG); Adaptive governance strategies","Neutral / analytical","Change agents (SCFs); horizontal governance structures; digital champions","Decreased systemic alignment; procurement barriers; lack of IT skills in specialized functions","Irish city authorities A, B and C","Governance orientation; authority; decision-making integration","Examines distribution of decision-making power and accountability across information systems projects","Largely not addressed as such; citizen privacy/security alignment is noted once via Chatterjee, Kar and Gupta (2018) on aligning the ""IT authority"" and citizens (p.4); equity/justice not treated; legitimacy/accountability appear indirectly through decision rights, member-checking validation, and citizen engagement (e.g. City B citizen survey)","Self-organization; flexible infrastructure; shortened decision-making times","Creation of Smart City Functions acting as change agents across departmental silos","Traditional IT ""cost centre"" perceptions; standard bureaucratic planning","Government agility; Ambidextrous organizations","Balances stability (traditional IT functions) with adaptability (innovative Smart City Functions)","Local government / City authority","Empirical evidence from qualitative multiple case studies","""Adaptive governance... requires balancing stability and adaptability and requires building so-called ambidextrous organizations."" (p.2)","Empirical study proposing a typology of adaptive IT governance structures for smart cities"
"247","Țiclău et al. (2020)","Adaptive and turbulent governance. Ways of governing that foster resilience. The case of the COVID-19 pandemic","10.24193/tras.SI2020.10","Global","Public Administration; Pandemic response","Last decade through the COVID-19 pandemic","Conceptual synthesis and illustrative case analysis","Modes of governing that foster resilience","COVID-19 timeline from 31 December 2019 through October 2020 (second wave); Table 1 data spans first six months of 2020 and into October 2020","Adaptive governance is defined as managing diverse human-environment interactions in the face of extreme uncertainty and as a process of creating adaptability in social-ecological systems through the evolution of rules that influence resilience during self-organization","Complexity Systems Theory; Resilience","Supportive / advocated","Stakeholder participation; moral and financial support from networks; iterative learning","Paradox of learning; radical uncertainty; political influence over policy processes","COVID-19 pandemic response (including vaccine development)","Adaptive management; scaling; management of diversity (polycentricity)","Discusses multilevel institutional authority, political power and political polarization","Transparency; social justice; disproportionate impacts on poor populations and refugees","Double-loop learning; triple-loop learning; experimentation","Nested institutional structures combining state, market and community organizations","Traditional command-and-control governance","Turbulent governance; System robustness","Emphasizes the social conditions that enable ecosystem management through adaptive management","Local; Regional; State","Conceptual synthesis and pandemic case analysis","""Adaptive governance is defined as managing diverse human environmental interactions in the face of extreme uncertainty."" (p.172)","Conceptual application of adaptive governance principles to COVID-19 resilience"
"248","Kurhayadi (2025)","Evaluating the readiness of public institutions for AI-Driven decision making: A framework for adaptive governance","10.55214/25768484.v9i4.6335","Global (references to UK, EU and Indonesia)","Public Administration; Artificial Intelligence","2013–2023","Systematic literature review","Institutional readiness for Artificial Intelligence","2015–2025","Adaptive governance is characterized by flexibility, inclusivity and iterative learning and is essential for addressing the complexities and uncertainties associated with Artificial Intelligence implementation","Adaptive governance; Digital transformation","Supportive / advocated","Multi-stakeholder engagement; continuous feedback loops; strategic capacity-building","Institutional inertia; algorithmic bias; regulatory lag","European Union Artificial Intelligence Act","Flexibility; continuous learning; real-time strategy adjustments","Examines balancing expert oversight with democratic public engagement","Algorithmic fairness; procedural transparency; reducing digital inequality","Iterative learning; inclusive stakeholder participation; co-evolution of policies and technologies","Agile; participatory; anticipatory legal frameworks","Legacy systems; digital silos; rigid hierarchical governance","Digital transformation; Institutional agility","Facilitates co-evolution of policies alongside technological development rather than static regulatory frameworks","Multiple governance levels across health, education and transportation sectors","Systematic literature review of policy reports and empirical studies","""Adaptive governance, characterized by flexibility, inclusivity, and iterative learning, is essential for addressing the complexities and uncertainties associated with AI implementation."" (p.1571)","Systematic review proposing an adaptive governance framework for AI readiness"
"249","Li et al. (2025)","Projectification and governance evolution in public sector strategy: A case study of Shenzhen Qianhai mega new town development in China","10.1016/j.ijproman.2025.102751","Shenzhen, China","Mega new town development","Fifteen-year governance evolution","Longitudinal case study using 22 semi-structured interviews, observations and document analysis","Shenzhen Qianhai strategy implementation","2005–2024","Adaptive governance is not explicitly defined but is characterized as a dynamic governance system that co-evolves with projectification processes to manage complexity and ambiguity","Projectification research; Governance theory","Supportive / advocated","Autonomous regulatory frameworks; professional technical support; hybrid ""N+1"" governance models","Spatial constraints; time pressure; tension between flexibility and compliance","Qianhai Administrative Bureau; Construction Headquarters","Institutional flexibility; vertical communication; accumulation of project knowledge","Examines delegation of authority from central to local government","Livelihood projects; democratic and scientific decision-making","Organizational restructuring; vertical knowledge transfer; Construction Start Filing system","Hybrid governance integrating administrative and market structures","Path-dependent institutions; standard municipal regulations","Projectified governance; State entrepreneurialism","Adaptive governance is presented as a self-referential process of discovery and institutional self-clarification rather than a fixed planning outcome","National; Municipal; County","Longitudinal interviews, observations and project documentation","""Governance perspectives must thus evolve to capture the adaptive, learning-driven, and experimental processes that define governance."" (p.4)","Longitudinal empirical study of adaptive governance evolution in large-scale urban development"
"250","Hong & Lee (2018)","Adaptive governance and decentralization: Evidence from regulation of the sharing economy in multi-level governance","10.1016/j.giq.2017.08.002","Republic of Korea","Sharing economy (Accommodation and Transportation)","2015–2017","Conceptual framework development supported by 13 qualitative interviews","Regulatory responses of central and local governments","2015–2017","Adaptive governance advances public interests through greater responsiveness, leading to policy change when existing policies are no longer beneficial","Multi-level democratic governance; Entrepreneurial politics","Mixed","Regular elections; stakeholder engagement; decentralized knowledge","Risk-averse bureaucracy; blame avoidance; entrepreneurial politics","Sharing Accommodation Act (Republic of Korea)","Responsiveness to citizen needs; removal of entry barriers for innovation","Examines decentralized authority and short chains of command between local executives and street-level bureaucrats","Mentioned; distinguishes ""efficiency perspective"" from equity, explicitly noting analyses do not address ""equitable distribution of welfare"" (footnote 1, p.301); acknowledges concerns about ""more equitable or fair distribution of gains,"" lower employability, reduced tax revenues, disruption of traditional industries (p.303); frames legitimacy via democratic accountability but does not center justice","Bottom-up decision-making; decentralized tacit knowledge","Electoral accountability encouraging bureaucratic adaptation","Entrepreneurial politics; bureaucratic risk aversion","Agile governance; Polycentric governance","Adaptive governance arises from mismatches between environmental conditions and the way organizations are governed","Central (Federal); Local (Municipal)","Qualitative interviews","""Core characteristics of adaptive governance are decentralized decision-making, engagement of many stakeholders in decision-making and the use of tacit decentralized knowledge."" (p.299)","Empirical study examining adaptive governance and decentralization in regulating the sharing economy"
"251","Jayamuna, Tresiana, & Duadji (2024)","Building Agility and Adaptive Governance Through Digital Bureaucracy Ecosystem for Innovative Public Policy","4903","","Public Administration; ICT; Police Services","Focus on development since 2022","Policy Research Models using a quantitative approach and multi-criteria analysis (Prospective Test and Need Assessment)","Digital Bureaucracy Ecosystem (EBD) and policy formulation models","2022–2024","Adaptive governance is an approach that ""allows the bureaucracy to work more strategically, flexibly, quickly, and adaptively in the VUCA era."" (p.181)","Digital Bureaucracy Ecosystem (EBD) framework","Supportive / advocated","Accelerated digital transformation; stakeholder synergy; adaptive HR training; integrated digital infrastructure","Low transparency; limited governance capacity; lack of qualified actors; internal operational focus","Implementation of the Polri-Super APP integrating ten police services","Agility Shift; adaptive leadership; citizen-centricity; HR investment in technology; socio-behavioural skills","Transition from rigid hierarchy toward flexible decision-making structures","Citizen-centric interactions to improve transparency and public trust","Digital integration; real-time feedback loops; cross-sector collaboration","Regulations supporting agility; collaboration among government, private sector and community","Budget-absorption performance measures; rigid hierarchical procedures","Agility; Innovative Public Policy; Digital Era Governance (4.0–5.0)","Contrasts digital bureaucracy against Weberian bureaucracy (Table 1: Knowledge/Data, Rules/Code, Iron Cage/Silicon Web) and traces evolution from e-government to e-governance and from Digital Weberian Bureaucracy to Digital Era Governance; couples ""agile"" with ""adaptive"" governance as a combined 4.0/VUCA-era paradigm; but does not explicitly define or sharply demarcate ""adaptive governance"" from related terms in its own analysis (pp.183-185)","National; Regional (Provincial)","Stakeholder needs assessment surveys; expert interviews; case application data","""Agile and adaptive governance approach... allows the bureaucracy to work more strategically, flexibly, quickly, and adaptively in the VUCA era."" (p.181)","Empirical study proposing a Digital Bureaucracy Ecosystem framework for adaptive governance"
"252","Gianoli & Henkes (2020)","The Evolution and Adaptive Governance of the 22@ Innovation District in Barcelona","10.3390/urbansci4020016","Barcelona, Spain","Urban regeneration; Knowledge economy","2000–2018","Single case study using 20 semi-structured expert interviews with triangulation of secondary reports","22@ Innovation District project","2000–2018","Adaptive governance is suitable for complex societal issues characterized by uncertainty and diverging stakeholder interests, emphasizing anticipation, learning and adaptation (p.1)","Adaptive Governance framework; Complex Adaptive Systems","Supportive / advocated","Bridging organizations; community empowerment; leadership; knowledge-based decision-making","2008 economic crisis; political shifts; information and power asymmetries; long-term uncertainty","Urban Lab experimentation projects; 22@ Coordination Commission","Levels of complexity; uncertainty; conflict; anticipation; learning; adaptation","Examines changing priorities across successive municipal administrations","Knowledge contributes to social equity and citizen participation","Cross-level coordination; continuous negotiation; learning; adaptation","Autonomous public agencies (22 Arroba BCN SA); bridging organizations","Political priority shifts; dismantling of specialized municipal companies","Resilience; Smart City; Complex Adaptive Systems","Adaptive governance is presented as distinct in being suited to complex societal issues with high uncertainty and multiple stakeholders with competing agendas, emphasizing cross-level/cross-scale interactions and bridging organizations; distinguished from monocentric and multilevel governance approaches (via Termeer et al.); positioned as both an analytical and a normative framework; noted as never before applied to urban regeneration (extending it beyond its socio-ecological origins). No sharp formal delineation from resilience/co-management is offered—concepts are treated as closely related and complementary","District; Metropolitan; City network","Semi-structured interviews and longitudinal case analysis","""Adaptive governance has been conceptualized by focusing on three key aspects (complexity, conflict and uncertainty) and three main actions (anticipate, learn and adapt)."" (p.1)","Longitudinal case study of adaptive governance in urban innovation districts"
"253","Langa & Balkaran (2025)","Administrative culture as a driver of institutional resilience and adaptive governance in turbulent policy environments","10.36096/ijbes.v7i5.1053","South Africa","Public Administration","2020–2024","Mixed-method comparative case study using 26 interviews, document analysis and organizational survey (n=146)","National and provincial government departments","2020–2024","Adaptive governance is the capacity of systems to reorganise without losing legitimacy, mediated through everyday administrative culture (p.119)","Institutionalism; Adaptive Systems Theory; Complexity Governance","Supportive / advocated","Collaborative ethos; openness to innovation; internal trust; supportive accountability","Service delivery failures; energy insecurity; public trust deficits; blame-avoidance culture","Rapid budget reallocation during the COVID-19 pandemic by Department A","Collaboration index; innovation orientation; inverse hierarchical rigidity; developmental accountability","Centralized control and hierarchical obedience constrain implementation fidelity","Administrative culture linked directly to governance legitimacy","Social learning; innovation hubs; interdepartmental coordination","Decentralized decision-making; collaborative task teams; trust-based institutions","Rigid hierarchies; siloed departments; compliance-driven accountability","Institutional resilience; Adaptability; Complexity governance","Adaptive governance is described as a collective competence, not merely an institutional design feature","National; Provincial","Quantitative survey data; thematic interview coding; departmental audit outcomes","""Administrative culture functions as the invisible architecture of adaptive governance."" (p.121)","Mixed-method study examining administrative culture as a driver of adaptive governance"
"255","Rao et al. (2021)","Beyond numbers, coverage and cost: adaptive governance for post-COVID-19 reforms in India","10.1136/bmjgh-2020-004392","India","Health sector; Healthcare system","Post-COVID-19 reform period","Conceptual commentary identifying illustrative national reform agendas","India's multilevel health system","COVID-19 crisis response to future reform trajectory","Adaptive governance is a framework that relies on shared accountability while reconciling varying levels of flexibility across operational processes, institutional linkages and health system values (p.2)","Multilevel adaptive framework drawing on Ostrom's common-pool resources","Supportive / advocated","Continuous consultation; legitimate institutional mechanisms; technically competent workforce","Fragmented agencies; disconnected priorities across governance levels; lack of a data culture","COVID-19 dashboards integrating real-time data; community mobilization for preventive health","Flexibility in operational processes; institutional linkages; consensus-building around health system values","Examines tensions between vertically flowing administrative logic and people-centred service delivery","Emphasizes equitable access and health system values in defining good health","Shared accountability; intersectoral feedback loops; continuous negotiation across governance levels","Institutional support empowering local administrators and ownership of implementation processes","Centralized governance unable to respond to contextual complexity","Resilience; Multilevel governance; Universal Health Coverage (UHC)","Not reported","Central; State (Provincial); Local (District/Subdistrict)","Conceptual synthesis of health policy literature and COVID-19 response lessons","""An adaptive governance framework that relies on shared accountability while reconciling varying levels of flexibility... is the way to build a resilient health system."" (p.2)","Conceptual paper proposing adaptive governance for post-COVID-19 health system reform"
"256","de Abreu & Andrade (2019)","Dealing with wicked problems in socio-ecological systems affected by industrial disasters: A framework for collaborative and adaptive governance","10.1016/j.scitotenv.2019.133700","Doce River watershed, Brazil","Disaster recovery; Industrial disasters","Post-2015 Fundão dam failure","Systematic combining using abductive logic with 60 face-to-face in-depth interviews","Governance regimes for disaster recovery","2015–2018","Adaptive governance comprises interactions between actors and institutions that evolve toward a desired socio-ecological state by combining local initiatives with expert knowledge to build resilience (p.6)","Social-ecological resilience; Triple-loop social learning","Supportive / advocated","Shadow networks; adaptive leadership; polycentric governance; no-blame political culture","Institutional complexity; scientific uncertainty; social pluralism; leadership failure","Renova Foundation; TAC-Governance agreement","Reflexivity; responsiveness; resilience; revitalization (Five R capabilities)","Analyzes coercive versus democratic and participatory governance arrangements; multilevel centres of power","Focuses on legitimacy through institutional design and participation of disaster victims","Triple-loop learning; adaptive leadership; adaptive work; reframing and transformation","Polycentric institutions; strong links between culture and management","Traditional hierarchical governance; lack of contingency planning; institutional rigidity (""iron cage"")","Resilience; Collaborative governance; Wicked problems","Adaptive governance emphasizes co-management capabilities and adaptive responses rather than the consensus orientation of collaborative governance","Local; Sub-national; National; International","53 hours of recorded interviews, legal cases and technical reports","""Adaptive governance has the potential to bring together local resource management initiatives with expert information from larger-scale institutional arrangements to produce higher levels of resilience."" (p.6)","Empirical framework for adaptive governance in industrial disaster recovery"
"257","Wardhana et al. (2024)","Breakthrough on Indonesia's Energy Policy: Adaptive Governance Perspective for Just Energy Transition Partnership (JETP)","10.1088/1742-6596/2828/1/012001","Indonesia","Energy policy; Electricity sector","Long-term transition planning to 2050","Literature review of government documents, news reports and social media","Just Energy Transition Partnership (JETP)","Empirical/documentary references spanning circa 2007-2023 (e.g., regulatory chronology to June 7, 2023; PLN take-or-pay negotiation Feb 8, 2023; CELIOS 2023 survey)","Adaptive governance is the capacity of governance systems to adapt to shifting conditions and obstacles, particularly in complex and uncertain social-ecological systems (p.3)","Polycentricity; Learning; Diversity (Ostrom extension)","Supportive but critical","Political support; unified vision; community participation; media engagement; synergistic collaboration","Coal-sector resistance; overlapping policies; weak implementation capacity","Patriot Energi collaboration; Green Prosperity initiatives","Flexibility of policy process; responsiveness; stakeholder engagement","Examines zero-sum political dynamics, egosectoralism and competing actor interests","Justice in the energy transition to strengthen bargaining positions","Trial-and-error learning; institutional synchronization; integrated deliberation","Decentralization and multi-stakeholder working groups","Rigid legal hierarchy; unsynchronized institutional visions","Transition management; Sustainable energy systems; Resilient systems","Not reported","National; Provincial; Regency/City","Review of legislation, policy documents and regulatory history","""Adaptive governance is a concept that alludes to the capacity of governance systems to adapt to shifting conditions and obstacles."" (p.3)","Literature review applying adaptive governance to Indonesia's Just Energy Transition Partnership"
"258","Hoang (2023)","Adaptive Governance in the ""VUCA"" World of COVID-19 Pandemic – The Case of the Vietnamese Government","Not reported","Vietnam","Public governance; Health; Social policy","2020–2023","Narrative and thematic analysis of policy documents and research papers","Vietnamese Government strategies","2020–2023","Adaptive governance refers to the ability to address complex social issues involving multiple stakeholders, competing interests and uncertainty, while fitting governance to a changing environment (p.282)","VUCA framework (Volatility, Uncertainty, Complexity, Ambiguity)","Supportive / advocated","Agile response plans; strong local leadership; public-private partnerships","Epidemiological uncertainty; bureaucratic rigidity; limited central capacity","COVID-19 Working Group; Directives 15, 16 and 19","Degree of centralization; decision autonomy; speed of policy updates","Examines balance between central authority and local autonomy; role of military logistics","Transparency; openness; community supervision and accountability","Feedback loops; digital transformation; adaptive budget reallocation","Amended local regulations enabling vertical and horizontal coordination","Rigid administrative culture characterized by bureaucracy, paperwork and ""iron cage"" structures","Resilience; Agile governance; New Public Management","Distinguished from traditional bureaucratic public administration (prediction-and-control mode) as ""a new alternative"" (p.282); positions AG as beyond mere foresight, protection and resilience which are ""not enough in chaotic situations"" (p.281); frames AG as increasing resilience rather than being identical to it; contrasts flexible responsive AG structures with rigid hierarchical bureaucracy","National; Provincial; Grassroots","Narrative synthesis of policy documents and credible secondary sources","""Adaptive governance refers to the ability to address complex social issues involving multiple stakeholders, different interests, and uncertainty about the actions to be taken."" (p.282)","Narrative analysis of Vietnam's adaptive governance during the COVID-19 pandemic"
"261","Mulyana & Suganda (2017)","Dynamic governance in managing the urban environment—A conceptual framework of urban water governance","10.1201/9781315213620-24","Singapore (reference context) and global urban areas","Urban Water Governance; Urban Environment","Not reported","Conceptual framework development with proposed mixed methods (SEM and Soft Systems Methodology)","Urban environmental governance systems","Not reported","Adaptive governance is a strategy for mediating social conflicts that interfere with adaptive management and an interaction among actors that evolves to achieve desired socio-ecological system states (pp. 405, 411)","Socio-ecological system resilience; Dynamic Capability framework","Supportive / advocated","Able people; agile processes; institutional culture; learning opportunities","Coordination problems; centralized top-down approaches; mechanistic management; knowledge limitations","Singapore's urban development experience","Participation; deliberation; multi-layering; self-organization","Discusses restructuring of social and economic interactions through leadership intentions","Governance attributes include accountability and justice","Dynamic capabilities (thinking ahead, thinking again, thinking across); feedback from biophysical systems","Polycentric and multilayered institutions; adaptive policies based on dynamic capabilities","Centralized governance; technocratic and mechanistic management","Dynamic governance; Resilience; Adaptability; Transformability","Not reported","Policy; Organizational; Operational (multi-level)","Conceptual synthesis of interdisciplinary research","""Adaptive governance is developed to bridge the problems of coordination amongst actors, sectors and regions, which are often found in centralised top-down approaches."" (p.405)","Conceptual framework integrating adaptive governance and dynamic governance for urban water management"
"262","Akbar et al. (2021)","Adaptive Governance Features from Stakeholder Issues in Lake Limboto Management","10.47616/jamrsss.v2i4.196","Gorontalo, Indonesia (Lake Limboto)","Public Administration; Environmental Management; Lake Management","2021","Qualitative deductive study using interviews, observations and focus group discussions","Stakeholders' motivations and issues in Lake Limboto management, grouped into three sectors: society/NGOs (civil), private sector, and government (p.20-27)","Not reported","Adaptive governance is a series of interactions among actors, networks, organizations and institutions that emerge in pursuit of the desired state for a socio-ecological system (p.19)","Adaptive Governance Features (Motivation/Issues, Structure, Network); Berkes & Folke extension","Supportive / advocated","Multi-stakeholder collaboration; NGO advocacy; community awareness","Lack of centralized coordinating agency; accumulated environmental degradation","Collaborative lake revitalization through dredging and sediment control","Resilience to environmental change; effectiveness of cross-scale interaction","Examines tensions between regional authority and community economic interests","Environmental justice; recognition of indigenous rights; NGO advocacy","Building joint working platforms; training; consolidating stakeholder motivations","Balanced representation among local, provincial and national stakeholders","Weak inter-ministerial coordination; unclear institutional responsibilities","Resilience; Network governance; Adaptive capacity","Not reported","Local (Regency); Provincial; National","In-depth interviews; direct observations; focus group discussions","""Adaptive Governance [is] a series of interactions between actors, networks, organizations, and institutions that emerge in pursuit of the desired state for a socio-ecological system."" (p.19)","Qualitative study identifying adaptive governance features in lake management"
"263","Akbar et al. (2023)","Limboto Lake Management Model Based on Adaptive Governance","10.37899/journal-la-sociale.v4i5.842","Gorontalo Regency, Indonesia","Natural Resource Management; Public Administration","2023","Qualitative study using interviews, observation, documentation and focus group discussions; spiral data analysis","Multi-stakeholder lake management","Single contemporary case observation (2023 fieldwork), drawing on secondary/historical data spanning 1932-2020 (pp.343-345)","Adaptive governance is a form of environmental governance coordinating resource management regimes under conditions of complexity and uncertainty (p.341)","Adaptive Governance Features (Motivation/Issues, Structure, Network)","Mixed","Forums integrating stakeholder interests; knowledge transfer; social learning","Weak coordination; overlapping authority; community apathy; sectoral ego","Lake management forum established through Regent Decree No. 280/26/IV/2019","Extent of coordinating platforms; network resource exchange","Examines government budgetary authority and conflicts between community and private-sector interests","Consensus-building through participation and deliberation","Knowledge transfer; synergistic partnerships","Integrated institutions coordinating multiple stakeholders","Top-down directives; command-and-control policies; sectoral egoism","Resilience; Social-ecological systems; Co-management","Presents AG as an outgrowth of resilience, SES and environmental governance literature and as a response/alternative to failed top-down, command-and-control, centralized governance; notes co-management influenced AG via emphasis on stakeholder involvement; distinguishes its own study by locus (a lake) and by applying Berkes (2008) features; does not sharply delineate AG from each related concept theoretically (pp.341-343)","Central; Provincial; Regency","Focus group discussions; legal document review; qualitative interviews","""Adaptive governance is a form of environmental governance... to coordinate resource management regimes, in the face of complexity and uncertainty."" (p.341)","Empirical model proposing adaptive governance for sustainable lake management"
"264","Wang et al. (2018)","Towards a typology of adaptive governance in the digital government context: The role of decision-making and accountability","10.1016/j.giq.2017.08.003","China; four cases in China: Lu'an city (Anhui Province) and Shanghai (WeChat Service, SODA, Observe projects) (p.309-311)","Digital Government; IT Projects","June 2015–August 2016","Qualitative multiple case study (4 cases) using 28 semi-structured interviews and participant observation","Collaborations between government and non-government organizations in IT projects","2015–2016","Adaptive governance is characterized by decentralized bottom-up decision-making, mobilization of internal and external capabilities, broad participation and continuous adjustments to deal with uncertainty (p.308)","Typology of Decision-making Power and Accountability Distribution","Descriptive / neutral","Digital platforms; social media; online coordination groups; exchange of professional expertise","Loss of internal skills through outsourcing; identifying accountable actors; balancing flexibility and stability","Shanghai WeChat Service project; SODA Open Data Contest","Distribution of decision-making power and accountability (polarized versus polycentric)","Examines government control of governance networks while delegating implementation authority","Citizens contribute to public value creation and policy legitimacy","Decoupling decision-making power from accountability; continuous adjustment through stakeholder feedback","Informal online coordination groups supporting adaptive collaboration","Established hierarchical control mechanisms limiting flexibility","Network governance; Agile governance; Organic governance; Polycentric governance","Focuses specifically on the socio-technical nature of digital government and responsiveness to rapidly changing digital demands","Municipal; District; National","Qualitative interviews; participant observation; coded task distribution and power transfer","""Adaptive governance in the context of digital government has been tentatively characterized by decentralized bottom-up decision-making... and continuous adjustments to deal with uncertainty."" (p.308)","Empirical typology of adaptive governance in digital government based on decision-making and accountability distribution"
"265","Janssen & van der Voort (2020)","Agile and adaptive governance in crisis response: Lessons from the COVID-19 pandemic","https://doi.org/10.1016/j.ijinfomgt.2020.102180","The Netherlands","Crisis response; Public health (COVID-19)","COVID-19 pandemic in 2020; timeline of Dutch events January 24 - June 4, 2020 (Table 2)","Exploratory single case study based on the authors' deep knowledge","Dutch government response to COVID-19","2020","Adaptive governance refers to the ability to deal with complex societal issues involving many stakeholders, diverging interests and uncertainty about the actions to be taken (p.4)","Evolutionary theory; Political economy; Resource and environmental economics; Experimental economics; Evolutionary game theory; Organizational theory; Ecology; Systems theory; Complex systems science","Mixed","Existing institutional structures; bureaucracy providing stability; variety of response strategies","Timing of responses; centralization decisions; balancing stability and change","Smart lockdown; rapid ICU expansion; national PPE consortium","Decision speed vs. analysis; centralized vs. decentralized decisions; innovation vs. bureaucracy; science and politics","Crisis legitimizes central authority; emphasizes balancing science and politics","Trust in institutions; credible actors; avoiding unfair distribution","Mobilizing internal and external capabilities; decentralized decision-making; bottom-up learning; double-loop learning","Institutional scripts; crisis management procedures","Lack of coordination mechanisms; absence of preparedness scenarios","Agile governance; Agile organization; Evolutionary theory; Contingency theory","Agility focuses on speed within existing structures; adaptive governance involves system-level change and is method-agnostic","Multi-level (all levels of government)","Qualitative observation and analysis of the Dutch COVID-19 response","""Adaptive governance... refers to the ability to deal with complex societal issues involving many stakeholders, diverging interests and uncertainty..."" (p.4)","Empirical case study comparing agile and adaptive governance during COVID-19"
"266","Eshuis & Gerrits (2021)","The limited transformational power of adaptive governance: A study of institutionalization and materialization of adaptive governance","https://doi.org/10.1080/14719037.2019.1679232","Rotterdam, The Netherlands (ZoHo)","Spatial governance; Urban regeneration; Neighbourhood restructuring","2012–2019","Longitudinal qualitative single case study","ZoHo regeneration programme","2013–2019","Adaptive governance is the capacity to respond flexibly and use reversible strategies that can be adapted to changing circumstances","Adaptive governance paradigm; Institutionalization theory; Materialization","Critical / analytical","Committed actors; failure of traditional hierarchical governance; intensive informal horizontal communication","Institutional lock-in; resilience of incumbent institutions; tension between adaptive behaviour and formal institutions","Slow urbanism practices; pop-up cinema; 3D-printing club; pocket park","Institutionalization and materialization of governance innovations","Existing institutions maintain power through formal and informal rules","Legitimacy depends on governance innovations resonating beyond the project; protection from arbitrary government behaviour","Experimentation; pilot projects; flexible pacing; iterative learning","Informal horizontal coordination; formal area agreements providing room for manoeuvre","National housing regulations; Weberian bureaucratic principles","Slow urbanism; Organic area development; Resilience","Defined by flexible process, flexible content and organizational flexibility","Local interacting with municipal and national governance","Qualitative evidence from >100 conversations, seven interviews and six years of participatory observation","""The flexibility essential to adaptive governance may be inimical to materialization and institutionalization..."" (p.65)","Longitudinal case examining the limits of institutionalizing adaptive governance"
"267","Wyborn (2015)","Co-productive governance: A relational framework for adaptive governance","http://dx.doi.org/10.1016/j.gloenvcha.2014.10.009","Habitat 141 (Australia); Yellowstone to Yukon (North America)","Environmental governance; Connectivity conservation","Research conducted 2009–2011 (initiatives established 1993 and 2005)","Interdisciplinary comparative case analysis using semi-structured interviews and embedded research","Habitat 141 and Yellowstone to Yukon connectivity initiatives","2009–2011","Adaptive governance comprises approaches integrating knowledge of social and ecological systems into inclusive decision-making that anticipates, learns from and responds to change","Co-production; Neoinstitutionalism; Relational ontology","Critical / reconceptualizing","Social learning; collaborative co-management; cross-scale linkages","Power struggles; bureaucratic governance; expert-led decision-making; centralized structures","Collaborative institutional mechanisms in Habitat 141 and Yellowstone to Yukon","Four interacting arenas: Context; Knowledge; Process; Vision","Explicitly examines power relations shaping governance and knowledge production","Legitimacy influenced by transparency and governance arrangements","Social learning; power-sharing; decentralized decision-making","Leadership champions; supportive collaborative policy environment","Competitive funding; bureaucratic and top-down governance structures","Resilience; Adaptive management; Co-management; Collaborative planning","Extends adaptive management by emphasizing broader social and institutional governance processes","Multi-level; Cross-scale","Qualitative analysis of 53 interviews and documentary evidence","""Adaptive governance provides a bridge between long standing debates over whether institutions are context-independent (design) or context-dependent (emergence)..."" (p.220)","Relational framework positioning adaptive governance as a process of co-production"
"268","Akamani, K. (2016).","Using Adaptive Governance to Enhance Transitions toward Sustainable and Resilient Energy Systems","5248","","Energy policy; Sustainable resilient energy systems","2016","Systematic review of relevant literature","Published literature/publications on transitions in social-ecological systems and energy systems; conceptual analysis of policy considerations rather than discrete empirical cases","Not reported","Adaptive governance is ""an institutional mechanism that focuses on the broader social and institutional context within which ecosystem-based resource management occurs."" (p.267)","Social-ecological resilience; Panarchy theory; Complex Adaptive Systems (CAS)","Supportive / advocated","Analytic deliberation; nested institutions; institutional diversity (state, market and community actors)","Fossil-fuel lock-in; coordination costs; weak stakeholder communication","Small-scale hydropower project in rural Tanzania","Analytic deliberation; nested institutions; institutional diversity","Highlights need for political will and acknowledges history of political conflict in the energy sector","Sustainable development emphasizing economic efficiency, social equity and environmental conservation","Learning and adaptation; analytic deliberation; integration of scientific analysis with public deliberation","Polycentric institutions; subsidiarity principle","Centralized ownership; command-and-control governance","Resilience; Robustness; Adaptive management; Sustainable development","Adaptive governance provides the favourable social and institutional context required for adaptive management","Multi-level (local, provincial, national and regional)","Systematic review of theoretical and empirical transition literature","""Adaptive governance is an institutional mechanism that focuses on the broader social and institutional context within which ecosystem-based resource management occurs."" (p.267)","Systematic review proposing adaptive governance as a guide for sustainable energy transitions"
"269","van Assche et al. (2022)","Adaptive governance: learning from what organizations do and managing the role they play","10.1108/K-11-2020-0759","Conceptual (no empirical setting)","Public policy; Organizational studies","Late modern societies","Conceptual analysis based on social systems theory","Relationship between governance organizations and governance communities","Not reported","Adaptive governance is a practical tool for preventing entropic disintegration of socio-ecological systems, organizations and communities, enabling them to navigate precarious system–environment relations","Social systems theory (Luhmann); General systems theory (von Bertalanffy); Complex Adaptive Systems","Mixed","Enhanced observation; local knowledge; multi-level nesting; polycentricity","Systemic insensitivity to dependencies; complexity–sustainability trade-off","Conceptual discussion of resource towns, mining towns and Far North colonial regimes","Complexity reduction capacity; second-order observation; moral wayfinding","Internal organizational power relations influence priorities; politics cannot possess a perfect overview","Democratic legitimacy through stakeholder engagement and constitutional checks and balances","Double-loop learning; continuous experimentation; single-, double- and triple-loop learning","Polycentric and multi-level governance; democratic associations; discursive openness","De-differentiation; capture by closed identity groups or political parties","Resilience; Complex Adaptive Systems; Reflexive governance; Reflexive law","Offers a Luhmannian social-systems-theoretical complement to the resilience-rooted classical AG; distinguishes ""governance organizations"" (decision machines communicating decisions) from ""governance communities"" (social environments); unlike resilience theorists who center social-ecological systems, treats polycentric/multi-level governance as having pros and cons and stresses coordination as well as local adaptation; argues AG cannot have predefined forms; frames adaptation as constant in every system (not only deliberate); community governance distinguished from organizational adaptation by diversity of goals, accountability and slower coordination","Multi-level / Polycentric","Systems-theoretical mapping and conceptual analysis","""Adaptive governance emerges as the primary practical tool for preventing entropic disintegration of socioecological systems, organizations and communities."" (p.322)","Conceptual systems-theory paper on organizations and adaptive governance"
"270","Janssen & van der Voort (2016)","Adaptive governance: Towards a stable, accountable and responsive government","10.1016/j.giq.2016.02.003","Conceptual (Editorial)","Digital government; e-Government","2016","Editorial exploring concepts, challenges and governance strategies","Public organizations facing disruptive developments","Not reported","Adaptive governance should enhance the capacity of an organization to deal with and adapt to changes while protecting the organization from becoming unstable (p.401)","Not explicitly reported","Supportive / advocated","Learning; decentralized decision-making; mobilization of internal and external capabilities","Technological change exceeding bureaucratic and budgeting cycles; balancing stability, accountability and adaptability","Illustrative examples including climate-induced relocation in Alaska and drought governance","Decision-making speed; degree of adaptiveness","Decentralized decision-making redistributes authority and influences power structures","Accountability maintained through political and legal processes ensuring fair treatment of citizens","Self-organization; stakeholder mobilization; keeping options open; ambidextrous strategies","Ambidextrous organizational structures","Fixed bureaucratic structures; rigid rules and procedures","Agility; Adaptability; Innovation; Ambidexterity","Learning replaces stability and accountability as the core value of governance","Multi-level (organizational to governance network)","Editorial analysis and synthesis of existing literature","""Instead of stability and accountability, adaptive governance takes learning as the core value."" (p.413)","Editorial introducing adaptive governance for digital government and public administration"
"272","He et al. (2025)","Intelligent Governance: The AI-Driven New Paradigm of Governmental Adaptive Governance","10.17265/1548-6591/2025.01.001","China (Hangzhou; Shanghai) and global trends","Public Administration; AI-driven governance","2025 (third decade of the 21st century)","Theoretical exploration and analytical framework development","National governance framework; Intelligent governance paradigms","Not reported","AI-enabled adaptive governance mechanisms are institutional architectures that harness advanced data processing, analytical and predictive capabilities of artificial intelligence to conduct dynamic policy impact assessments, enabling rapid behavioural recalibrations (pp. 447–448)","Complex Adaptive Systems (CAS); Socio-Technical Systems (STS); Network Governance Theory; Digital Governance Theory; Technoethics","Supportive / advocated","Artificial intelligence; big data analytics; blockchain; flattened organizational structures; agile talent; adaptive legal systems","Vertical bureaucratic hierarchies; departmental silos; black-box algorithms; traditional rational bureaucratic models","Hangzhou City Brain; Shanghai One Network for All Services; Singapore Smart Nation Initiative","Regulatory Adaptability Score (RAS); maturity evaluations based on penetration depth and breadth","Discusses reconfiguration of power from hierarchy toward network connectivity and platform governance","Human-centric inclusive governance; data democracy; algorithmic fairness; ethical AI","Dynamic sensing; recursive feedback loops; iterative policy experimentation; scenario simulation","Adaptive legal systems (sandbox regulation); flexible resource allocation; elastic budgeting; institutional redesign","Traditional bureaucratic models based on perfect rationality; vertical information-flow mechanisms","Resilience; Intelligent governance; Network governance; Digital governance; Government-as-a-Platform","Intelligent governance is presented as the technological paradigm that augments institutional capacity for adaptive governance","Multi-level / Polycentric (National, Subnational, Community and Global)","Forward-looking analytical framework supported by empirical observations of global AI governance initiatives","""AI-enabled adaptive governance mechanisms refer to institutional architectures that harness sophisticated data processing, analytical, and predictive capabilities of artificial intelligence to conduct dynamic policy impact assessments, enabling rapid behavioral recalibrations."" (pp. 447–448)","Conceptual paper proposing AI-driven intelligent governance as the next evolution of adaptive governance"
"273","Naji, S., & Gwilliam, J. (2022).","The potentials of BREEAM communities in addressing the adaptive governance in theory and practice","https://doi.org/10.1007/s10668-021-01783-5","United Kingdom; MediaCity, Salford Quays, Salford City, Manchester, UK (single case study site); comparative references to Masthusen, Sweden","Neighbourhood sustainability assessment / urban sustainable development; climate change adaptation governance at the neighbourhood scale (built environment)","MediaCity acknowledged as sustainable community in 2011; planning guidance 2007; study reflects design, construction and post-occupancy governance; fieldwork/interviews conducted circa 2016-2020 (Naji, 2019 doctoral work); received 2 March 2020, published 2021","Qualitative case-study, mixed methods; integrated methodological approach combining theoretical matrix analysis of BC manual indicators against five AG characteristics with empirical evaluation; expert questionnaire/survey (13 professional respondents of 21 targeted across 7 categories, distributed by email); 3 follow-up expert interviews (BREEAM director/BC assessor, developer's sustainability consultant, Salford City Council water professional); 4 focus groups with 23 community participants (10 occupants, 6 students, 7 employees) via cluster sampling; focus group data analysed with NVIVO software","The BREEAM Communities (BC) governance indicators (4 indicators GO01-GO04) evaluated against the five AG characteristics; the MediaCity development as an exemplar case; actors' (experts and community) perceptions of AG in practice","MediaCity development from design (2007) and 2011 BC accreditation through post-occupancy; empirical perceptions gathered at time of study (interviews/surveys/focus groups, circa 2016-2020)","AG defined via Folke et al. (2005): AG develops ""a form of governance that incorporates formal institutions, informal groups/networks, and individuals at multiple scales for the purposes of collaborative environmental management"" (Folke et al., 2005; Naji, 2019) (p.8290, lines 45-46); operationalised through five AG characteristics (AG1-AG5) from Folke et al. (2005) (p.8290)","Folke et al. (2005) adaptive governance of social-ecological systems, using the five AG characteristics as theoretical foundation; supporting concepts of adaptive capacity, resilience, collaborative/decentralized governance, diversity hypothesis (Tompkins & Eakin, 2012); NSA literature (Sharifi & Murayama)","Supportive / advocated","Extended/decentralized collaboration among a breadth of actors (top-down and bottom-up); institutional and organizational diversity (diversity hypothesis); mandatory consultation indicators (GO01, GO02) enabling actor engagement and a ""named person"" responsible for consultations; knowledge sharing and information exchange; building climate change knowledge and awareness; continuous monitoring and evaluation with reliable access to information; local community inclusion as significant partners; two-way, timely communication; role of BC assessors in distributing/sharing information; making optional indicators (GO03, GO04) mandatory","Climate change not treated as a serious/priority issue by built environment actors; community consultation not considered a priority (Maguire & Cartwright, 2008); local community lacked knowledge of BC role and consultation processes; poor/ineffective consultation (""a few pictures and a simple explanation... no feedback later on""); lack of continued engagement during occupation; optional (non-mandatory) status of key indicators; developers retaining control and focusing on economic/business aspects; difficulty accessing developers; absence of ongoing monitoring/evaluation post-occupancy; lack of educational/awareness programmes; gap between theory and practice; dependence on experts' personalities","Application of BC at MediaCity, Salford (UK) as exemplar; comparative empirical evidence from Masthusen project, Sweden (Oliver & Pearl, 2018) where BC produced higher engagement but could not guarantee extensive collaboration and community consultation failed; MediaCity flood-protection and water-consumption/recycling facilities perceived as well managed (AG5 positive); experts reported wider inclusion of actors than on conventional projects; but community reported no awareness of consultation, monitoring, or climate learning programmes","Five AG characteristics (AG1: extended collaboration process; AG2: build knowledge and understanding of CC and adaptation strategies; AG3: shared/participatory ways of knowledge building & awareness; AG4: inclusion of risk monitoring tools for continuous evaluation of development facilities; AG5: focus on developing possible actions in response to environmental change); matrix approach mapping AG characteristics against 4 BC governance indicators (GO01-GO04); three-point rating scale (""+"" promotes/no enhancement needed, ""o"" neutral/further enhancement, ""-"" hinders/enhancement required) applied to theoretical (manual), expert-questionnaire (percentage/mean thresholds) and community (NVIVO-coded) evaluations","Mentioned; power/politics engaged via top-down vs bottom-up governance dynamics, developers' dominance in decision-making and information control, community exclusion, and BC's ""stationary position from the government"" and optional status, but not developed as an explicit power-theoretic analytical framework","Mentioned; concern with community inclusion, empowerment, participation, well-being and quality of life (focus group themes); emphasis on including local community as significant/equal partners and two-way communication; notes NSAs' weak focus on social and economic pillars; legitimacy/justice not framed in explicit normative theory (brief citation of Westman 2017 on environmental justice)","Social learning and iterative learning processes; collaboration/participation and knowledge exchange among diverse actors (formal institutions, informal networks, individuals at multiple scales); decentralized decision-making; institutional/organizational diversity responding to complex systems; continuous monitoring, evaluation and feedback loops; consultation and engagement; information dissemination/communication (two-way)","Mandatory BC governance indicators (Consultation Plan GO01, Consultation and Engagement GO02) requiring a ""named person""; presence of required committees (developers, authority, BC actors) promoting knowledge sharing; BC 'International Bespoke' process flexing indicators to local context; multi-actor networks including local authority, developers, environmental agencies; building-scale BREEAM enabling continuous monitoring that could extend to neighbourhood scale; potential council-community-developer partnerships","Optional (non-mandatory) status of Design Review (GO03) and Community Management of Facilities (GO04); BC's optional, non-binding governmental position; developer-dominated governance prioritising economic/business aspects; absence of institutionalised post-occupancy monitoring/evaluation mechanisms; no mandated ongoing community engagement; market-responsive rather than climate-responsive adaptability in review processes; lack of required climate change focus in indicators","Resilience (community resilience, resilience management, resilience-based governance); adaptive capacity; sustainability / sustainable development; collaborative/decentralized environmental management; neighbourhood sustainability assessment (NSA); climate change adaptation and mitigation","AG presented as the framework enabling the operationalisation of resilience and adaptive capacity (""setting the concept of resilience into practical terms""); sustainability assessment (NSAs) seen as favouring environmental over social/economic pillars and rarely assessing governance, whereas AG explicitly addresses social adaptation and multi-scale collaborative governance; not a sharply theorised distinction; concepts largely treated as interlinked/complementary rather than differentiated","Multilevel (local, regional, national, international actors referenced), with primary empirical focus at the local/neighbourhood scale (community and municipal/top-down governance)","Mixed; single-case study combining conceptual/theoretical matrix evaluation of tool documentation with qualitative empirical evidence (expert survey/interviews and community focus groups); supplemented by comparative literature (Masthusen, Sweden)","""AG thus develops 'a form of governance that incorporates formal institutions, informal groups/networks, and individuals at multiple scales for the purposes of collaborative environmental management'"" (p.8290); ""the findings also showed that the BC tool by its self could not guarantee an extensive collaboration within and outside the specific communities"" (p.8298); ""BC needs to focus on connecting the community with the top-down governance actors. It is important to undertake and enhance early engagement through [the] BC role"" (Expert Interviewee 2, p.8304)","Empirical single-case study (MediaCity) integrated with conceptual/theoretical matrix analysis; AG is the dominant analytical frame (Folke et al. 2005 five characteristics). Caveats: small expert sample (13 of 21 target; questionnaire not interviews due to actor unavailability); focus group n=23; text has OCR artifacts (garbled numbers/references, e.g. figures like ""8287-8312"", ""5-7 participants""); percentages in tables are respondent proportions. Normative stance is clearly advocatory toward enhancing BC to enable AG."
"274","Hill Clarvis, M., Allan, A., & Hannah, D. M. (2014)","Water, resilience and the law: From general concepts and governance design principles to actionable mechanisms","http://dx.doi.org/10.1016/j.envsci.2013.10.005","Multiple jurisdictions used as best-practice examples; western USA; Spain; South Africa; Tanzania (Pangani River Basin); European Union (Water Framework Directive); Scotland; Chile; Australia (Victoria, NWI); Finland; also references to transboundary basins (Danube, Indus); Bangladesh","Water governance and management; water law/policy; climate change adaptation in the water resources sector","Contrasts past water governance focus of ""the previous 150 years"" (p.100) with future/climate-change conditions (non-stationarity); references legislative frameworks from 1981 (Chile Water Code) through 2009 (Tanzania Act) and IPCC (2007) projections including 50-year planning horizons (Victoria)","Conceptual/qualitative review combined with illustrative comparative legal analysis; review and synthesis of adaptive/integrative water governance and resilience-adaptive-capacity literature to derive guiding principles (Table A1); identification and evaluation of ""best practice examples"" of legal mechanisms across jurisdictions; assessment of mechanisms against categories of climate uncertainty (Tables 1 and 2); underpinned by ACQWA project governance research including interviews","Legal mechanisms/instruments (policy, legislation, regulation, property/use rights) within water governance frameworks across different jurisdictions; assessed against adaptive governance guiding principles","No single fixed empirical fieldwork window; examples drawn from legal frameworks recently overhauled/revised or indicative of legal traditions; documents accessed circa 2013 (statutes accessed 10.01.2013); forward-looking to climate scenarios (e.g., 50-year planning)","The paper does not give a single stand-alone definition but characterises adaptive governance parenthetically as ""collaboration and cooperation across different levels of government and agencies, often with overlapping authority, non-governmental and individual action"" (p.99); it identifies traits of adaptive governance/management enabling systems ""to manage and cope with increased uncertainty in dynamic systems and changing social-ecological baseline conditions: including flexibility in social systems and institutions...; subsidiarity and connectivity...; iterativity"" (p.99)","Social-ecological resilience theory; adaptive capacity, adaptive management, adaptive governance and adaptive/integrated water resources management (IWRM) literature; law as a complex adaptive system; panarchy; four derived guiding principles (iterativity, flexibility, connectivity, subsidiarity)","Supportive / advocated","Flexibility in social systems and institutions; openness of institutions/extensive participation; effective multi-level governance (connectivity and subsidiarity); iterative learning and adaptability; time-bound review periods with potential reallocation; varied/variable use rights and permit systems; risk apportionment across actors; matching institutions to appropriate scales; stable/predictable higher-level structures enabling lower-level experimentation; monitoring and data sharing; financial and technical capacity; public availability/exchange of data (Aarhus Convention, WISE)","Tension between legal predictability/stability and ecological complexity/flexibility; generalised principles lacking clarity/detail for operationalisation; gaps between legislation and institutional capacity to implement/enforce; irreversible changes/regime shifts beyond past coping ranges (greater warming); optional rather than mandatory secondary legislation (Tanzania) undermining critical concepts; coexistence of unaccountable private water rights (Spain, Chile); difficulty of horizontal inter-sectoral and transboundary coordination; data limitations (incomplete, incompatible formats); weak legal foundation for WUAs; water rights trading less useful as uncertainty increases; sovereignty/ownership of hydrological data; non-stationarity undermining projections based on historical data","Concrete legal mechanisms: South African NWA fixed-term licences reviewed every 5 years and variable (ss.28,31,49); EU WFD programmes of measures revised every 6 years; Tanzanian water resources management plans reviewed every 3-5 years (WRMA 2009); Scotland primary/secondary legislation split (WEWS 2003); Chile 1981 Water Code amended 2005; Australian NWI risk apportionment and Victoria's share-based entitlements with 50-year planning and water trading; Finland variable rights without time limit; Australia Bureau of Meteorology General Purpose Water Accounting; EU WISE; Danube Convention data exchange; western USA prior appropriation; Pangani River Basin WUA (Tanzania)","Operationalised via four guiding principles (iterativity, flexibility, connectivity, subsidiarity) each defined and mapped to ""actionable governance mechanisms"" in Table 1; further assessed in Table 2 against three categories of uncertainty (stationarity with predictable uncertainty; broader range of uncertainty with reduced predictability; irreversibility/regime shifts); initial synthesis of indicators/principles in Table A1 (supplementary materials)","Mentioned - power and politics appear as ""political realities"" limiting basin-scale coordination and states not ceding responsibility to supra-national institutions; note that ""Power should also be delegated as part of this management transfer process"" for WUAs; a ""shift of burden to higher levels of governance"" for global feedbacks; but power is not the central analytical concern","Equity, legitimacy and justice are addressed: South African variations restricted ""in the interests of equity""; use entitlements as share ensuring scarcity is ""more equitably apportioned""; reserve for basic human needs and aquatic ecosystems; Aarhus Convention on access to information/participation/justice; public confidence in states' management; Cosens' work on legitimacy cited; equity contrasted with Tanzania where equity-protecting mechanisms are absent","Iterative review and revision processes (feedback loops incorporating new science/data); social/iterative learning and adaptability; multi-level (polycentric) governance via subsidiarity and connectivity; risk diversification/apportionment; flexible/variable rights and permit systems; monitoring and data exchange enabling adaptation; balancing stability with flexibility (""stability within change"")","Blend of stable/predictable higher-level structures (primary legislation, government institutions) with flexible lower-level provisions (secondary legislation, regional/local regulations); administrative and property-rights frameworks that allow variation of use rights; permit/authorisation systems treated as revocable property rights; framework legislation (WFD) enabling local implementation; national databases/monitoring networks; transboundary agreements with data-exchange requirements","Codified/consolidated legal systems with little scope for modification (South Africa, Chile); optional (non-mandatory) secondary legislation left unenacted (Tanzania classification of waters); coexisting unaccountable private water rights (Spain, Chile); torpid development of secondary legislation in less developed jurisdictions; weak policy frameworks lacking deadlines/reporting (Bangladesh Coastal Zone Policy 2005); insufficient institutional capacity, financing and legal foundations (WUAs); incompatible/incomplete data infrastructure; perpetual/immutable or absolute rights; sovereignty constraints on data","Resilience (social-ecological); adaptive capacity; adaptive management; adaptive and integrated water resources management (IWRM); law as a complex adaptive system; participatory/collaborative water management (Water User Associations); property rights theory","Adaptive governance is presented as one of a family of ""adaptive"" approaches, distinguished from adaptive management (each management step an opportunity for further adaptive learning) and characterised specifically as collaboration/cooperation across levels and agencies with overlapping authority (p.99); the paper distinguishes resilience of the governing system (laws, policy, institutions) from resilience of the governed system (rivers, groundwater, ecosystems) citing Armitage (p.100); it positions its focus on features of law enabling adaptive governance rather than on resilience of law itself; otherwise the concepts are treated as closely interlinked rather than sharply differentiated","Multilevel (explicitly spanning local/basin, national, regional/EU, and international/transboundary scales; subsidiarity emphasised)","Mixed - primarily theoretical/conceptual (literature review deriving principles) underpinned by illustrative comparative empirical legal examples (""best practice examples"") across jurisdictions; not systematic empirical measurement","""adaptive governance (collaboration and cooperation across different levels of government and agencies, often with overlapping authority, non-governmental and individual action)"" (p.99); ""the resilience of the governing system is not necessarily positively correlated with the resilience of the system to be governed"" (p.100, quoting Armitage 2013, p.1); ""four main `guiding principles' have been discerned for the purposes of the following discussion: iterativity, flexibility, connectivity and subsidiarity"" (p.102)","Article's dominant twin frame is resilience-and-the-law plus adaptive governance principles; AG is central (not a passing mention) as it supplies the analytical guiding principles used to evaluate legal mechanisms; largely conceptual/applied with comparative illustrative legal examples rather than primary empirical case study; no single study site; page numbers cited are the journal's printed pages 98-110; some OCR artefacts in original (e.g., missing hyphens/en-dashes)"
